profile,value_axis,fear_axis_weight,nt_mode,full_excess_irr,full_cost_vs_plain,full_avg_mult,first_half_excess_irr,first_half_cost_vs_plain,first_half_avg_mult,second_half_excess_irr,second_half_cost_vs_plain,second_half_avg_mult,robust
config,dd_only,0.3,observe,0.14,-1.87,1.299,0.26,-0.86,1.366,0.2,-0.79,1.232,0.2
config,dd_only,0.3,confirm,0.14,-1.79,1.306,0.25,-0.83,1.368,0.23,-0.86,1.244,0.23
config,dd_only,0.3,parallel,0.12,-1.75,1.156,0.17,-0.77,1.216,0.16,-0.62,1.097,0.16
config,dd_only,0.4,observe,0.14,-1.84,1.258,0.25,-0.82,1.323,0.19,-0.75,1.193,0.19
config,dd_only,0.4,confirm,0.14,-1.75,1.265,0.24,-0.77,1.326,0.22,-0.82,1.205,0.22
config,dd_only,0.4,parallel,0.1,-1.52,1.133,0.14,-0.53,1.187,0.15,-0.57,1.078,0.14
config,dd_only,0.5,observe,0.13,-1.78,1.217,0.23,-0.7,1.281,0.19,-0.74,1.152,0.19
config,dd_only,0.5,confirm,0.13,-1.69,1.224,0.21,-0.65,1.284,0.22,-0.8,1.164,0.21
config,dd_only,0.5,parallel,0.09,-1.3,1.111,0.13,-0.33,1.161,0.13,-0.51,1.062,0.13
config,dd_only,0.6,observe,0.12,-1.73,1.189,0.21,-0.6,1.254,0.19,-0.71,1.125,0.19
config,dd_only,0.6,confirm,0.12,-1.65,1.197,0.2,-0.55,1.257,0.22,-0.78,1.137,0.2
config,dd_only,0.6,parallel,0.08,-1.16,1.092,0.12,-0.33,1.135,0.11,-0.4,1.049,0.11
config,dd70_erp30,0.3,observe,0.24,-2.49,1.31,0.41,-2.15,1.355,0.39,-1.26,1.266,0.39
config,dd70_erp30,0.3,confirm,0.24,-2.4,1.317,0.39,-2.09,1.358,0.4,-1.3,1.277,0.39
config,dd70_erp30,0.3,parallel,0.19,-2.16,1.16,0.3,-1.64,1.205,0.28,-0.96,1.115,0.28
config,dd70_erp30,0.4,observe,0.22,-2.32,1.265,0.37,-1.9,1.31,0.35,-1.15,1.221,0.35
config,dd70_erp30,0.4,confirm,0.22,-2.23,1.273,0.36,-1.85,1.313,0.38,-1.22,1.234,0.36
config,dd70_erp30,0.4,parallel,0.16,-1.93,1.135,0.28,-1.35,1.179,0.23,-0.81,1.09,0.23
config,dd70_erp30,0.5,observe,0.2,-2.08,1.226,0.33,-1.51,1.271,0.33,-1.08,1.181,0.33
config,dd70_erp30,0.5,confirm,0.19,-1.99,1.234,0.31,-1.45,1.274,0.36,-1.15,1.194,0.31
config,dd70_erp30,0.5,parallel,0.14,-1.61,1.112,0.24,-1.03,1.152,0.19,-0.68,1.073,0.19
config,dd70_erp30,0.6,observe,0.17,-1.97,1.19,0.3,-1.27,1.239,0.27,-0.91,1.14,0.27
config,dd70_erp30,0.6,confirm,0.17,-1.89,1.197,0.29,-1.23,1.242,0.3,-0.99,1.152,0.29
config,dd70_erp30,0.6,parallel,0.11,-1.3,1.09,0.18,-0.75,1.124,0.15,-0.55,1.056,0.15
config,dd50_erp50,0.3,observe,0.31,-2.91,1.327,0.53,-3.14,1.355,0.48,-1.44,1.299,0.48
config,dd50_erp50,0.3,confirm,0.31,-2.83,1.333,0.52,-3.11,1.356,0.49,-1.48,1.309,0.49
config,dd50_erp50,0.3,parallel,0.24,-2.39,1.173,0.4,-2.29,1.205,0.36,-1.16,1.142,0.36
config,dd50_erp50,0.4,observe,0.27,-2.64,1.274,0.45,-2.63,1.306,0.44,-1.34,1.242,0.44
config,dd50_erp50,0.4,confirm,0.27,-2.56,1.281,0.45,-2.6,1.308,0.46,-1.39,1.254,0.45
config,dd50_erp50,0.4,parallel,0.2,-2.05,1.139,0.35,-1.78,1.173,0.28,-0.94,1.105,0.28
config,dd50_erp50,0.5,observe,0.23,-2.27,1.234,0.39,-2.14,1.264,0.39,-1.21,1.205,0.39
config,dd50_erp50,0.5,confirm,0.24,-2.19,1.241,0.39,-2.11,1.266,0.41,-1.29,1.217,0.39
config,dd50_erp50,0.5,parallel,0.17,-1.81,1.116,0.31,-1.5,1.148,0.24,-0.81,1.084,0.24
config,dd50_erp50,0.6,observe,0.2,-2.01,1.196,0.35,-1.66,1.231,0.32,-1.02,1.16,0.32
config,dd50_erp50,0.6,confirm,0.2,-1.93,1.202,0.34,-1.62,1.233,0.35,-1.09,1.172,0.34
config,dd50_erp50,0.6,parallel,0.13,-1.44,1.092,0.23,-1.09,1.121,0.19,-0.65,1.064,0.19
config,dd30_erp70,0.3,observe,0.39,-3.46,1.356,0.67,-4.21,1.374,0.56,-1.58,1.338,0.56
config,dd30_erp70,0.3,confirm,0.39,-3.4,1.361,0.66,-4.19,1.374,0.57,-1.61,1.347,0.57
config,dd30_erp70,0.3,parallel,0.28,-2.56,1.189,0.46,-2.84,1.207,0.44,-1.36,1.172,0.44
config,dd30_erp70,0.4,observe,0.33,-2.89,1.291,0.55,-3.35,1.308,0.51,-1.49,1.274,0.51
config,dd30_erp70,0.4,confirm,0.33,-2.82,1.297,0.55,-3.33,1.309,0.53,-1.53,1.285,0.53
config,dd30_erp70,0.4,parallel,0.23,-2.25,1.149,0.4,-2.28,1.173,0.36,-1.13,1.126,0.36
config,dd30_erp70,0.5,observe,0.28,-2.55,1.244,0.47,-2.76,1.266,0.43,-1.28,1.222,0.43
config,dd30_erp70,0.5,confirm,0.28,-2.47,1.25,0.47,-2.75,1.267,0.45,-1.35,1.234,0.45
config,dd30_erp70,0.5,parallel,0.19,-1.98,1.119,0.35,-1.89,1.146,0.27,-0.89,1.093,0.27
config,dd30_erp70,0.6,observe,0.23,-2.03,1.201,0.4,-2.06,1.221,0.37,-1.14,1.182,0.37
config,dd30_erp70,0.6,confirm,0.23,-1.96,1.208,0.39,-2.05,1.222,0.4,-1.21,1.193,0.39
config,dd30_erp70,0.6,parallel,0.15,-1.59,1.097,0.27,-1.41,1.121,0.21,-0.72,1.072,0.21
config,erp_only,0.3,observe,0.45,-3.57,1.401,0.75,-5.16,1.386,0.64,-1.65,1.416,0.64
config,erp_only,0.3,confirm,0.45,-3.53,1.404,0.75,-5.15,1.387,0.65,-1.66,1.421,0.65
config,erp_only,0.3,parallel,0.33,-2.84,1.224,0.54,-3.69,1.225,0.52,-1.49,1.223,0.52
config,erp_only,0.4,observe,0.4,-3.34,1.337,0.69,-4.52,1.334,0.6,-1.62,1.34,0.6
config,erp_only,0.4,confirm,0.4,-3.29,1.342,0.68,-4.51,1.336,0.61,-1.65,1.348,0.61
config,erp_only,0.4,parallel,0.29,-2.56,1.175,0.47,-3.11,1.184,0.44,-1.3,1.166,0.44
config,erp_only,0.5,observe,0.33,-2.76,1.271,0.56,-3.52,1.274,0.52,-1.47,1.268,0.52
config,erp_only,0.5,confirm,0.33,-2.7,1.276,0.56,-3.51,1.274,0.54,-1.52,1.278,0.54
config,erp_only,0.5,parallel,0.23,-2.07,1.133,0.39,-2.32,1.146,0.35,-1.08,1.12,0.35
config,erp_only,0.6,observe,0.27,-2.39,1.217,0.47,-2.78,1.23,0.42,-1.25,1.205,0.42
config,erp_only,0.6,confirm,0.28,-2.32,1.223,0.47,-2.78,1.23,0.45,-1.33,1.216,0.45
config,erp_only,0.6,parallel,0.18,-1.74,1.105,0.31,-1.77,1.123,0.27,-0.85,1.087,0.27
equal,dd_only,0.3,observe,0.14,-1.84,1.3,0.26,-0.87,1.364,0.21,-0.81,1.236,0.21
equal,dd_only,0.3,confirm,0.14,-1.76,1.307,0.25,-0.83,1.366,0.23,-0.88,1.248,0.23
equal,dd_only,0.3,parallel,0.12,-1.72,1.155,0.17,-0.77,1.213,0.17,-0.63,1.098,0.17
equal,dd_only,0.4,observe,0.13,-1.73,1.263,0.24,-0.76,1.323,0.2,-0.78,1.203,0.2
equal,dd_only,0.4,confirm,0.13,-1.64,1.271,0.23,-0.72,1.326,0.23,-0.85,1.215,0.23
equal,dd_only,0.4,parallel,0.1,-1.44,1.133,0.13,-0.48,1.185,0.16,-0.59,1.082,0.13
equal,dd_only,0.5,observe,0.13,-1.72,1.222,0.22,-0.67,1.283,0.21,-0.77,1.16,0.21
equal,dd_only,0.5,confirm,0.13,-1.64,1.229,0.21,-0.62,1.286,0.23,-0.84,1.172,0.21
equal,dd_only,0.5,parallel,0.09,-1.27,1.111,0.13,-0.35,1.158,0.14,-0.52,1.064,0.13
equal,dd_only,0.6,observe,0.12,-1.65,1.191,0.2,-0.53,1.254,0.2,-0.73,1.129,0.2
equal,dd_only,0.6,confirm,0.12,-1.56,1.199,0.19,-0.47,1.257,0.22,-0.8,1.141,0.19
equal,dd_only,0.6,parallel,0.08,-1.12,1.092,0.11,-0.32,1.133,0.12,-0.43,1.051,0.11
equal,dd70_erp30,0.3,observe,0.24,-2.46,1.311,0.4,-2.15,1.354,0.38,-1.26,1.268,0.38
equal,dd70_erp30,0.3,confirm,0.24,-2.38,1.318,0.38,-2.09,1.357,0.4,-1.3,1.28,0.38
equal,dd70_erp30,0.3,parallel,0.19,-2.13,1.162,0.3,-1.61,1.206,0.28,-0.96,1.118,0.28
equal,dd70_erp30,0.4,observe,0.22,-2.25,1.268,0.36,-1.83,1.311,0.36,-1.16,1.226,0.36
equal,dd70_erp30,0.4,confirm,0.21,-2.16,1.276,0.35,-1.78,1.314,0.38,-1.23,1.239,0.35
equal,dd70_erp30,0.4,parallel,0.17,-1.89,1.136,0.29,-1.37,1.178,0.24,-0.81,1.095,0.24
equal,dd70_erp30,0.5,observe,0.19,-1.99,1.23,0.32,-1.47,1.27,0.34,-1.12,1.19,0.32
equal,dd70_erp30,0.5,confirm,0.19,-1.9,1.238,0.3,-1.42,1.273,0.37,-1.19,1.203,0.3
equal,dd70_erp30,0.5,parallel,0.13,-1.54,1.112,0.23,-1.01,1.148,0.21,-0.71,1.077,0.21
equal,dd70_erp30,0.6,observe,0.17,-1.9,1.193,0.3,-1.24,1.24,0.28,-0.91,1.147,0.28
equal,dd70_erp30,0.6,confirm,0.17,-1.82,1.201,0.28,-1.18,1.243,0.31,-0.98,1.158,0.28
equal,dd70_erp30,0.6,parallel,0.11,-1.24,1.09,0.18,-0.75,1.119,0.17,-0.59,1.06,0.17
equal,dd50_erp50,0.3,observe,0.31,-2.86,1.328,0.52,-3.12,1.354,0.48,-1.44,1.302,0.48
equal,dd50_erp50,0.3,confirm,0.31,-2.78,1.334,0.51,-3.09,1.355,0.49,-1.48,1.313,0.49
equal,dd50_erp50,0.3,parallel,0.24,-2.34,1.174,0.4,-2.27,1.203,0.37,-1.19,1.146,0.37
equal,dd50_erp50,0.4,observe,0.27,-2.59,1.275,0.45,-2.63,1.304,0.44,-1.35,1.246,0.44
equal,dd50_erp50,0.4,confirm,0.27,-2.51,1.282,0.44,-2.6,1.306,0.46,-1.4,1.258,0.44
equal,dd50_erp50,0.4,parallel,0.2,-2.02,1.141,0.35,-1.78,1.172,0.29,-0.96,1.109,0.29
equal,dd50_erp50,0.5,observe,0.23,-2.17,1.236,0.39,-2.09,1.262,0.39,-1.21,1.211,0.39
equal,dd50_erp50,0.5,confirm,0.23,-2.09,1.244,0.38,-2.06,1.264,0.42,-1.28,1.223,0.38
equal,dd50_erp50,0.5,parallel,0.17,-1.75,1.116,0.3,-1.49,1.144,0.25,-0.84,1.088,0.25
equal,dd50_erp50,0.6,observe,0.2,-1.9,1.201,0.35,-1.59,1.232,0.34,-1.05,1.17,0.34
equal,dd50_erp50,0.6,confirm,0.2,-1.82,1.208,0.34,-1.56,1.234,0.36,-1.13,1.182,0.34
equal,dd50_erp50,0.6,parallel,0.13,-1.37,1.092,0.22,-1.05,1.117,0.2,-0.67,1.067,0.2
equal,dd30_erp70,0.3,observe,0.39,-3.42,1.356,0.66,-4.16,1.372,0.57,-1.6,1.339,0.57
equal,dd30_erp70,0.3,confirm,0.39,-3.36,1.361,0.66,-4.15,1.373,0.58,-1.62,1.348,0.58
equal,dd30_erp70,0.3,parallel,0.28,-2.54,1.19,0.45,-2.84,1.207,0.44,-1.36,1.174,0.44
equal,dd30_erp70,0.4,observe,0.32,-2.82,1.293,0.54,-3.32,1.306,0.51,-1.5,1.28,0.51
equal,dd30_erp70,0.4,confirm,0.32,-2.75,1.299,0.54,-3.31,1.307,0.53,-1.55,1.29,0.53
equal,dd30_erp70,0.4,parallel,0.23,-2.18,1.151,0.4,-2.28,1.17,0.37,-1.17,1.132,0.37
equal,dd30_erp70,0.5,observe,0.28,-2.47,1.247,0.47,-2.72,1.265,0.44,-1.32,1.228,0.44
equal,dd30_erp70,0.5,confirm,0.28,-2.4,1.253,0.47,-2.71,1.266,0.46,-1.38,1.24,0.46
equal,dd30_erp70,0.5,parallel,0.19,-1.9,1.121,0.34,-1.87,1.143,0.29,-0.92,1.099,0.29
equal,dd30_erp70,0.6,observe,0.23,-1.96,1.205,0.4,-2.03,1.221,0.38,-1.16,1.189,0.38
equal,dd30_erp70,0.6,confirm,0.23,-1.88,1.212,0.39,-2.01,1.222,0.41,-1.23,1.201,0.39
equal,dd30_erp70,0.6,parallel,0.15,-1.52,1.098,0.26,-1.37,1.119,0.23,-0.76,1.077,0.23
equal,erp_only,0.3,observe,0.45,-3.54,1.401,0.75,-5.15,1.385,0.65,-1.66,1.417,0.65
equal,erp_only,0.3,confirm,0.44,-3.51,1.404,0.75,-5.13,1.386,0.65,-1.67,1.423,0.65
equal,erp_only,0.3,parallel,0.33,-2.8,1.226,0.54,-3.69,1.224,0.53,-1.5,1.227,0.53
equal,erp_only,0.4,observe,0.4,-3.29,1.339,0.68,-4.49,1.334,0.61,-1.64,1.345,0.61
equal,erp_only,0.4,confirm,0.4,-3.24,1.344,0.68,-4.48,1.335,0.62,-1.67,1.353,0.62
equal,erp_only,0.4,parallel,0.29,-2.52,1.175,0.47,-3.11,1.182,0.44,-1.31,1.169,0.44
equal,erp_only,0.5,observe,0.33,-2.75,1.273,0.56,-3.55,1.274,0.52,-1.48,1.272,0.52
equal,erp_only,0.5,confirm,0.34,-2.7,1.278,0.56,-3.54,1.275,0.55,-1.53,1.281,0.55
equal,erp_only,0.5,parallel,0.23,-1.99,1.135,0.38,-2.31,1.144,0.36,-1.11,1.127,0.36
equal,erp_only,0.6,observe,0.27,-2.31,1.222,0.47,-2.75,1.23,0.43,-1.29,1.214,0.43
equal,erp_only,0.6,confirm,0.27,-2.25,1.228,0.47,-2.74,1.231,0.46,-1.36,1.225,0.46
equal,erp_only,0.6,parallel,0.18,-1.68,1.105,0.3,-1.76,1.12,0.27,-0.85,1.09,0.27
heavy_qvix,dd_only,0.3,observe,0.14,-1.97,1.29,0.26,-0.87,1.364,0.17,-0.71,1.215,0.17
heavy_qvix,dd_only,0.3,confirm,0.14,-1.89,1.297,0.25,-0.83,1.366,0.2,-0.79,1.228,0.2
heavy_qvix,dd_only,0.3,parallel,0.11,-1.78,1.151,0.17,-0.77,1.213,0.14,-0.55,1.089,0.14
heavy_qvix,dd_only,0.4,observe,0.13,-1.98,1.244,0.24,-0.76,1.323,0.13,-0.59,1.165,0.13
heavy_qvix,dd_only,0.4,confirm,0.13,-1.9,1.252,0.23,-0.72,1.326,0.16,-0.67,1.177,0.16
heavy_qvix,dd_only,0.4,parallel,0.09,-1.57,1.124,0.13,-0.48,1.185,0.12,-0.48,1.063,0.12
heavy_qvix,dd_only,0.5,observe,0.12,-1.94,1.205,0.22,-0.67,1.283,0.14,-0.59,1.127,0.14
heavy_qvix,dd_only,0.5,confirm,0.12,-1.86,1.213,0.21,-0.62,1.286,0.17,-0.68,1.139,0.17
heavy_qvix,dd_only,0.5,parallel,0.08,-1.36,1.104,0.13,-0.35,1.158,0.1,-0.4,1.05,0.1
heavy_qvix,dd_only,0.6,observe,0.11,-1.84,1.177,0.2,-0.53,1.254,0.12,-0.53,1.1,0.12
heavy_qvix,dd_only,0.6,confirm,0.11,-1.75,1.184,0.19,-0.47,1.257,0.15,-0.6,1.111,0.15
heavy_qvix,dd_only,0.6,parallel,0.07,-1.22,1.085,0.11,-0.32,1.133,0.08,-0.33,1.037,0.08
heavy_qvix,dd70_erp30,0.3,observe,0.24,-2.57,1.304,0.4,-2.15,1.354,0.37,-1.23,1.253,0.37
heavy_qvix,dd70_erp30,0.3,confirm,0.24,-2.49,1.311,0.38,-2.09,1.357,0.39,-1.28,1.265,0.38
heavy_qvix,dd70_erp30,0.3,parallel,0.18,-2.26,1.153,0.3,-1.61,1.206,0.25,-0.89,1.101,0.25
heavy_qvix,dd70_erp30,0.4,observe,0.22,-2.47,1.254,0.36,-1.83,1.311,0.33,-1.12,1.197,0.33
heavy_qvix,dd70_erp30,0.4,confirm,0.22,-2.38,1.262,0.35,-1.78,1.314,0.36,-1.19,1.21,0.35
heavy_qvix,dd70_erp30,0.4,parallel,0.16,-2.03,1.127,0.29,-1.37,1.178,0.2,-0.72,1.077,0.2
heavy_qvix,dd70_erp30,0.5,observe,0.19,-2.29,1.209,0.32,-1.47,1.27,0.27,-0.94,1.148,0.27
heavy_qvix,dd70_erp30,0.5,confirm,0.19,-2.2,1.216,0.3,-1.42,1.273,0.29,-1.01,1.16,0.29
heavy_qvix,dd70_erp30,0.5,parallel,0.13,-1.67,1.102,0.23,-1.01,1.148,0.14,-0.55,1.056,0.14
heavy_qvix,dd70_erp30,0.6,observe,0.17,-2.19,1.173,0.3,-1.24,1.24,0.2,-0.73,1.107,0.2
heavy_qvix,dd70_erp30,0.6,confirm,0.16,-2.1,1.181,0.28,-1.18,1.243,0.23,-0.82,1.119,0.23
heavy_qvix,dd70_erp30,0.6,parallel,0.1,-1.36,1.079,0.18,-0.75,1.119,0.1,-0.38,1.04,0.1
heavy_qvix,dd50_erp50,0.3,observe,0.31,-2.89,1.324,0.52,-3.12,1.354,0.46,-1.38,1.295,0.46
heavy_qvix,dd50_erp50,0.3,confirm,0.31,-2.82,1.331,0.51,-3.09,1.355,0.48,-1.42,1.306,0.48
heavy_qvix,dd50_erp50,0.3,parallel,0.23,-2.5,1.163,0.4,-2.27,1.203,0.33,-1.07,1.124,0.33
heavy_qvix,dd50_erp50,0.4,observe,0.27,-2.72,1.266,0.45,-2.63,1.304,0.42,-1.3,1.229,0.42
heavy_qvix,dd50_erp50,0.4,confirm,0.27,-2.64,1.273,0.44,-2.6,1.306,0.44,-1.37,1.241,0.44
heavy_qvix,dd50_erp50,0.4,parallel,0.19,-2.17,1.13,0.35,-1.78,1.172,0.25,-0.86,1.088,0.25
heavy_qvix,dd50_erp50,0.5,observe,0.23,-2.47,1.217,0.39,-2.09,1.262,0.35,-1.15,1.172,0.35
heavy_qvix,dd50_erp50,0.5,confirm,0.23,-2.39,1.224,0.38,-2.06,1.264,0.38,-1.22,1.185,0.38
heavy_qvix,dd50_erp50,0.5,parallel,0.16,-1.91,1.104,0.3,-1.49,1.144,0.18,-0.65,1.064,0.18
heavy_qvix,dd50_erp50,0.6,observe,0.19,-2.26,1.178,0.35,-1.59,1.232,0.26,-0.89,1.123,0.26
heavy_qvix,dd50_erp50,0.6,confirm,0.19,-2.18,1.185,0.34,-1.56,1.234,0.29,-0.97,1.135,0.29
heavy_qvix,dd50_erp50,0.6,parallel,0.12,-1.49,1.081,0.22,-1.05,1.117,0.12,-0.45,1.045,0.12
heavy_qvix,dd30_erp70,0.3,observe,0.38,-3.48,1.351,0.66,-4.16,1.372,0.54,-1.55,1.329,0.54
heavy_qvix,dd30_erp70,0.3,confirm,0.38,-3.42,1.356,0.66,-4.15,1.373,0.56,-1.58,1.338,0.56
heavy_qvix,dd30_erp70,0.3,parallel,0.27,-2.66,1.182,0.45,-2.84,1.207,0.41,-1.3,1.157,0.41
heavy_qvix,dd30_erp70,0.4,observe,0.32,-2.89,1.286,0.54,-3.32,1.306,0.49,-1.4,1.266,0.49
heavy_qvix,dd30_erp70,0.4,confirm,0.32,-2.83,1.292,0.54,-3.31,1.307,0.51,-1.46,1.277,0.51
heavy_qvix,dd30_erp70,0.4,parallel,0.23,-2.35,1.139,0.4,-2.28,1.17,0.31,-1.01,1.107,0.31
heavy_qvix,dd30_erp70,0.5,observe,0.28,-2.67,1.234,0.47,-2.72,1.265,0.41,-1.28,1.203,0.41
heavy_qvix,dd30_erp70,0.5,confirm,0.28,-2.59,1.24,0.47,-2.71,1.266,0.44,-1.35,1.215,0.44
heavy_qvix,dd30_erp70,0.5,parallel,0.19,-2.08,1.109,0.34,-1.87,1.143,0.23,-0.78,1.074,0.23
heavy_qvix,dd30_erp70,0.6,observe,0.22,-2.32,1.182,0.4,-2.03,1.221,0.31,-1.03,1.142,0.31
heavy_qvix,dd30_erp70,0.6,confirm,0.22,-2.25,1.188,0.39,-2.01,1.222,0.34,-1.11,1.154,0.34
heavy_qvix,dd30_erp70,0.6,parallel,0.14,-1.67,1.085,0.26,-1.37,1.119,0.15,-0.54,1.052,0.15
heavy_qvix,erp_only,0.3,observe,0.44,-3.59,1.396,0.75,-5.15,1.385,0.62,-1.6,1.407,0.62
heavy_qvix,erp_only,0.3,confirm,0.44,-3.55,1.4,0.75,-5.13,1.386,0.63,-1.61,1.414,0.63
heavy_qvix,erp_only,0.3,parallel,0.33,-2.89,1.219,0.54,-3.69,1.224,0.51,-1.44,1.214,0.51
heavy_qvix,erp_only,0.4,observe,0.4,-3.35,1.333,0.68,-4.49,1.334,0.57,-1.55,1.333,0.57
heavy_qvix,erp_only,0.4,confirm,0.4,-3.3,1.338,0.68,-4.48,1.335,0.59,-1.59,1.341,0.59
heavy_qvix,erp_only,0.4,parallel,0.28,-2.64,1.168,0.47,-3.11,1.182,0.42,-1.27,1.153,0.42
heavy_qvix,erp_only,0.5,observe,0.33,-2.84,1.265,0.56,-3.55,1.274,0.48,-1.36,1.256,0.48
heavy_qvix,erp_only,0.5,confirm,0.33,-2.78,1.271,0.56,-3.54,1.275,0.5,-1.42,1.266,0.5
heavy_qvix,erp_only,0.5,parallel,0.22,-2.18,1.121,0.38,-2.31,1.144,0.29,-0.94,1.099,0.29
heavy_qvix,erp_only,0.6,observe,0.27,-2.52,1.207,0.47,-2.75,1.23,0.38,-1.16,1.183,0.38
heavy_qvix,erp_only,0.6,confirm,0.27,-2.46,1.212,0.47,-2.74,1.231,0.41,-1.24,1.194,0.41
heavy_qvix,erp_only,0.6,parallel,0.17,-1.86,1.092,0.3,-1.76,1.12,0.2,-0.7,1.065,0.2
heavy_breadth,dd_only,0.3,observe,0.15,-1.9,1.301,0.27,-0.87,1.369,0.21,-0.83,1.234,0.21
heavy_breadth,dd_only,0.3,confirm,0.14,-1.81,1.309,0.25,-0.82,1.372,0.24,-0.89,1.246,0.24
heavy_breadth,dd_only,0.3,parallel,0.12,-1.81,1.16,0.19,-0.82,1.221,0.17,-0.64,1.1,0.17
heavy_breadth,dd_only,0.4,observe,0.15,-1.94,1.264,0.27,-0.9,1.333,0.21,-0.78,1.196,0.21
heavy_breadth,dd_only,0.4,confirm,0.15,-1.85,1.272,0.25,-0.85,1.336,0.23,-0.85,1.208,0.23
heavy_breadth,dd_only,0.4,parallel,0.11,-1.63,1.14,0.18,-0.68,1.195,0.16,-0.61,1.085,0.16
heavy_breadth,dd_only,0.5,observe,0.14,-1.85,1.226,0.27,-0.79,1.291,0.21,-0.76,1.16,0.21
heavy_breadth,dd_only,0.5,confirm,0.14,-1.77,1.233,0.25,-0.73,1.294,0.23,-0.83,1.172,0.23
heavy_breadth,dd_only,0.5,parallel,0.1,-1.39,1.119,0.15,-0.43,1.17,0.15,-0.55,1.069,0.15
heavy_breadth,dd_only,0.6,observe,0.14,-1.79,1.193,0.27,-0.78,1.254,0.21,-0.75,1.133,0.21
heavy_breadth,dd_only,0.6,confirm,0.14,-1.71,1.2,0.26,-0.74,1.256,0.24,-0.81,1.144,0.24
heavy_breadth,dd_only,0.6,parallel,0.08,-1.2,1.103,0.14,-0.29,1.148,0.13,-0.5,1.058,0.13
heavy_breadth,dd70_erp30,0.3,observe,0.25,-2.58,1.314,0.44,-2.29,1.358,0.4,-1.29,1.27,0.4
heavy_breadth,dd70_erp30,0.3,confirm,0.25,-2.49,1.321,0.43,-2.24,1.361,0.42,-1.34,1.282,0.42
heavy_breadth,dd70_erp30,0.3,parallel,0.19,-2.2,1.165,0.31,-1.67,1.211,0.29,-0.98,1.12,0.29
heavy_breadth,dd70_erp30,0.4,observe,0.23,-2.35,1.27,0.39,-1.97,1.312,0.37,-1.18,1.227,0.37
heavy_breadth,dd70_erp30,0.4,confirm,0.23,-2.26,1.277,0.39,-1.94,1.314,0.39,-1.23,1.239,0.39
heavy_breadth,dd70_erp30,0.4,parallel,0.17,-1.97,1.141,0.29,-1.36,1.186,0.24,-0.82,1.095,0.24
heavy_breadth,dd70_erp30,0.5,observe,0.21,-2.18,1.23,0.35,-1.64,1.277,0.33,-1.07,1.184,0.33
heavy_breadth,dd70_erp30,0.5,confirm,0.21,-2.1,1.237,0.35,-1.61,1.278,0.36,-1.14,1.196,0.35
heavy_breadth,dd70_erp30,0.5,parallel,0.15,-1.74,1.123,0.27,-1.13,1.166,0.2,-0.71,1.08,0.2
heavy_breadth,dd70_erp30,0.6,observe,0.18,-1.97,1.199,0.32,-1.36,1.246,0.28,-0.91,1.153,0.28
heavy_breadth,dd70_erp30,0.6,confirm,0.18,-1.9,1.205,0.31,-1.34,1.248,0.31,-0.97,1.163,0.31
heavy_breadth,dd70_erp30,0.6,parallel,0.12,-1.41,1.103,0.22,-0.81,1.14,0.17,-0.61,1.066,0.17
heavy_breadth,dd50_erp50,0.3,observe,0.32,-2.95,1.327,0.54,-3.19,1.355,0.48,-1.47,1.299,0.48
heavy_breadth,dd50_erp50,0.3,confirm,0.32,-2.88,1.332,0.54,-3.17,1.356,0.49,-1.49,1.309,0.49
heavy_breadth,dd50_erp50,0.3,parallel,0.24,-2.46,1.177,0.4,-2.29,1.212,0.36,-1.18,1.142,0.36
heavy_breadth,dd50_erp50,0.4,observe,0.28,-2.68,1.279,0.47,-2.7,1.31,0.45,-1.38,1.248,0.45
heavy_breadth,dd50_erp50,0.4,confirm,0.28,-2.6,1.286,0.47,-2.68,1.311,0.47,-1.42,1.26,0.47
heavy_breadth,dd50_erp50,0.4,parallel,0.2,-2.14,1.149,0.36,-1.83,1.185,0.3,-0.98,1.113,0.3
heavy_breadth,dd50_erp50,0.5,observe,0.25,-2.35,1.241,0.42,-2.23,1.272,0.39,-1.22,1.209,0.39
heavy_breadth,dd50_erp50,0.5,confirm,0.25,-2.28,1.247,0.42,-2.21,1.273,0.42,-1.29,1.221,0.42
heavy_breadth,dd50_erp50,0.5,parallel,0.18,-1.93,1.127,0.33,-1.54,1.164,0.24,-0.83,1.089,0.24
heavy_breadth,dd50_erp50,0.6,observe,0.21,-2.04,1.205,0.38,-1.74,1.24,0.33,-1.01,1.17,0.33
heavy_breadth,dd50_erp50,0.6,confirm,0.21,-1.97,1.211,0.37,-1.73,1.241,0.35,-1.08,1.182,0.35
heavy_breadth,dd50_erp50,0.6,parallel,0.14,-1.54,1.107,0.26,-1.09,1.141,0.2,-0.7,1.074,0.2
heavy_breadth,dd30_erp70,0.3,observe,0.39,-3.54,1.355,0.68,-4.24,1.376,0.56,-1.62,1.334,0.56
heavy_breadth,dd30_erp70,0.3,confirm,0.39,-3.49,1.36,0.68,-4.23,1.377,0.57,-1.64,1.342,0.57
heavy_breadth,dd30_erp70,0.3,parallel,0.27,-2.5,1.194,0.45,-2.78,1.21,0.44,-1.36,1.178,0.44
heavy_breadth,dd30_erp70,0.4,observe,0.33,-2.98,1.291,0.57,-3.39,1.311,0.51,-1.51,1.27,0.51
heavy_breadth,dd30_erp70,0.4,confirm,0.33,-2.92,1.296,0.56,-3.38,1.312,0.52,-1.54,1.28,0.52
heavy_breadth,dd30_erp70,0.4,parallel,0.24,-2.27,1.158,0.41,-2.32,1.182,0.36,-1.14,1.135,0.36
heavy_breadth,dd30_erp70,0.5,observe,0.29,-2.59,1.251,0.49,-2.78,1.273,0.46,-1.36,1.229,0.46
heavy_breadth,dd30_erp70,0.5,confirm,0.29,-2.52,1.257,0.49,-2.77,1.274,0.48,-1.42,1.24,0.48
heavy_breadth,dd30_erp70,0.5,parallel,0.2,-2.0,1.13,0.36,-1.82,1.16,0.28,-0.92,1.101,0.28
heavy_breadth,dd30_erp70,0.6,observe,0.23,-2.1,1.211,0.4,-2.07,1.234,0.38,-1.14,1.187,0.38
heavy_breadth,dd30_erp70,0.6,confirm,0.23,-2.03,1.217,0.4,-2.06,1.235,0.4,-1.21,1.198,0.4
heavy_breadth,dd30_erp70,0.6,parallel,0.16,-1.69,1.108,0.3,-1.41,1.138,0.22,-0.74,1.079,0.22
heavy_breadth,erp_only,0.3,observe,0.45,-3.63,1.406,0.75,-5.16,1.395,0.65,-1.66,1.417,0.65
heavy_breadth,erp_only,0.3,confirm,0.45,-3.59,1.41,0.75,-5.15,1.397,0.65,-1.67,1.423,0.65
heavy_breadth,erp_only,0.3,parallel,0.34,-2.91,1.226,0.55,-3.7,1.231,0.52,-1.5,1.222,0.52
heavy_breadth,erp_only,0.4,observe,0.41,-3.53,1.342,0.71,-4.57,1.348,0.6,-1.65,1.336,0.6
heavy_breadth,erp_only,0.4,confirm,0.41,-3.48,1.346,0.7,-4.56,1.349,0.61,-1.67,1.343,0.61
heavy_breadth,erp_only,0.4,parallel,0.28,-2.49,1.182,0.47,-2.99,1.19,0.45,-1.34,1.174,0.45
heavy_breadth,erp_only,0.5,observe,0.34,-2.94,1.271,0.58,-3.58,1.281,0.52,-1.53,1.261,0.52
heavy_breadth,erp_only,0.5,confirm,0.34,-2.88,1.276,0.58,-3.57,1.282,0.54,-1.57,1.27,0.54
heavy_breadth,erp_only,0.5,parallel,0.23,-2.11,1.146,0.4,-2.32,1.16,0.36,-1.12,1.131,0.36
heavy_breadth,erp_only,0.6,observe,0.28,-2.48,1.229,0.49,-2.84,1.242,0.45,-1.32,1.215,0.45
heavy_breadth,erp_only,0.6,confirm,0.29,-2.41,1.234,0.49,-2.83,1.243,0.48,-1.39,1.225,0.48
heavy_breadth,erp_only,0.6,parallel,0.19,-1.89,1.116,0.35,-1.85,1.139,0.26,-0.86,1.092,0.26
heavy_rsi,dd_only,0.3,observe,0.15,-1.93,1.307,0.26,-1.02,1.372,0.21,-0.81,1.243,0.21
heavy_rsi,dd_only,0.3,confirm,0.15,-1.84,1.315,0.25,-0.99,1.373,0.23,-0.88,1.256,0.23
heavy_rsi,dd_only,0.3,parallel,0.12,-1.65,1.159,0.16,-0.76,1.213,0.18,-0.67,1.106,0.16
heavy_rsi,dd_only,0.4,observe,0.14,-1.73,1.268,0.25,-0.93,1.322,0.2,-0.79,1.215,0.2
heavy_rsi,dd_only,0.4,confirm,0.14,-1.64,1.276,0.23,-0.89,1.324,0.23,-0.86,1.227,0.23
heavy_rsi,dd_only,0.4,parallel,0.1,-1.47,1.14,0.15,-0.59,1.189,0.17,-0.63,1.091,0.15
heavy_rsi,dd_only,0.5,observe,0.13,-1.58,1.235,0.23,-0.78,1.285,0.2,-0.74,1.185,0.2
heavy_rsi,dd_only,0.5,confirm,0.13,-1.5,1.242,0.22,-0.73,1.288,0.22,-0.81,1.197,0.22
heavy_rsi,dd_only,0.5,parallel,0.1,-1.32,1.117,0.14,-0.53,1.159,0.17,-0.61,1.076,0.14
heavy_rsi,dd_only,0.6,observe,0.12,-1.55,1.204,0.21,-0.7,1.254,0.2,-0.73,1.154,0.2
heavy_rsi,dd_only,0.6,confirm,0.12,-1.46,1.211,0.2,-0.64,1.257,0.23,-0.8,1.166,0.2
heavy_rsi,dd_only,0.6,parallel,0.09,-1.18,1.095,0.13,-0.56,1.13,0.15,-0.53,1.061,0.13
heavy_rsi,dd70_erp30,0.3,observe,0.25,-2.56,1.32,0.42,-2.35,1.362,0.39,-1.27,1.279,0.39
heavy_rsi,dd70_erp30,0.3,confirm,0.25,-2.48,1.328,0.4,-2.3,1.364,0.41,-1.31,1.291,0.4
heavy_rsi,dd70_erp30,0.3,parallel,0.19,-2.13,1.164,0.31,-1.7,1.205,0.29,-0.97,1.123,0.29
heavy_rsi,dd70_erp30,0.4,observe,0.23,-2.38,1.278,0.38,-2.09,1.318,0.36,-1.18,1.238,0.36
heavy_rsi,dd70_erp30,0.4,confirm,0.23,-2.29,1.286,0.36,-2.04,1.321,0.39,-1.24,1.25,0.36
heavy_rsi,dd70_erp30,0.4,parallel,0.17,-1.9,1.14,0.29,-1.44,1.178,0.26,-0.87,1.101,0.26
heavy_rsi,dd70_erp30,0.5,observe,0.2,-2.1,1.241,0.34,-1.74,1.279,0.33,-1.09,1.204,0.33
heavy_rsi,dd70_erp30,0.5,confirm,0.2,-2.01,1.249,0.32,-1.68,1.282,0.36,-1.16,1.216,0.32
heavy_rsi,dd70_erp30,0.5,parallel,0.15,-1.57,1.117,0.25,-1.21,1.146,0.23,-0.78,1.088,0.23
heavy_rsi,dd70_erp30,0.6,observe,0.18,-1.78,1.208,0.31,-1.34,1.243,0.3,-0.99,1.173,0.3
heavy_rsi,dd70_erp30,0.6,confirm,0.17,-1.7,1.216,0.29,-1.28,1.246,0.33,-1.06,1.185,0.29
heavy_rsi,dd70_erp30,0.6,parallel,0.12,-1.32,1.097,0.19,-0.97,1.121,0.2,-0.69,1.072,0.19
heavy_rsi,dd50_erp50,0.3,observe,0.32,-2.92,1.334,0.53,-3.25,1.358,0.49,-1.45,1.309,0.49
heavy_rsi,dd50_erp50,0.3,confirm,0.32,-2.85,1.34,0.52,-3.22,1.36,0.5,-1.49,1.32,0.5
heavy_rsi,dd50_erp50,0.3,parallel,0.24,-2.4,1.179,0.4,-2.39,1.206,0.39,-1.23,1.153,0.39
heavy_rsi,dd50_erp50,0.4,observe,0.29,-2.66,1.288,0.47,-2.88,1.311,0.45,-1.38,1.264,0.45
heavy_rsi,dd50_erp50,0.4,confirm,0.28,-2.58,1.295,0.46,-2.84,1.313,0.47,-1.43,1.276,0.46
heavy_rsi,dd50_erp50,0.4,parallel,0.2,-2.02,1.144,0.35,-1.92,1.17,0.31,-1.01,1.119,0.31
heavy_rsi,dd50_erp50,0.5,observe,0.25,-2.36,1.247,0.42,-2.37,1.273,0.41,-1.26,1.221,0.41
heavy_rsi,dd50_erp50,0.5,confirm,0.25,-2.27,1.255,0.4,-2.33,1.276,0.43,-1.32,1.234,0.4
heavy_rsi,dd50_erp50,0.5,parallel,0.17,-1.75,1.12,0.3,-1.62,1.144,0.27,-0.87,1.097,0.27
heavy_rsi,dd50_erp50,0.6,observe,0.21,-1.98,1.213,0.37,-1.87,1.238,0.35,-1.08,1.188,0.35
heavy_rsi,dd50_erp50,0.6,confirm,0.21,-1.9,1.22,0.35,-1.83,1.24,0.37,-1.15,1.199,0.35
heavy_rsi,dd50_erp50,0.6,parallel,0.14,-1.43,1.098,0.23,-1.25,1.118,0.23,-0.76,1.078,0.23
heavy_rsi,dd30_erp70,0.3,observe,0.39,-3.45,1.36,0.67,-4.27,1.375,0.57,-1.59,1.346,0.57
heavy_rsi,dd30_erp70,0.3,confirm,0.39,-3.38,1.366,0.66,-4.26,1.376,0.58,-1.61,1.355,0.58
heavy_rsi,dd30_erp70,0.3,parallel,0.28,-2.56,1.195,0.46,-2.95,1.208,0.45,-1.36,1.181,0.45
heavy_rsi,dd30_erp70,0.4,observe,0.34,-2.95,1.303,0.57,-3.6,1.313,0.53,-1.52,1.293,0.53
heavy_rsi,dd30_erp70,0.4,confirm,0.34,-2.88,1.309,0.56,-3.58,1.315,0.54,-1.56,1.304,0.54
heavy_rsi,dd30_erp70,0.4,parallel,0.24,-2.25,1.157,0.41,-2.49,1.172,0.38,-1.19,1.141,0.38
heavy_rsi,dd30_erp70,0.5,observe,0.3,-2.63,1.259,0.5,-3.08,1.273,0.46,-1.37,1.246,0.46
heavy_rsi,dd30_erp70,0.5,confirm,0.3,-2.56,1.266,0.5,-3.05,1.274,0.48,-1.43,1.257,0.48
heavy_rsi,dd30_erp70,0.5,parallel,0.2,-1.91,1.124,0.34,-2.03,1.141,0.31,-0.98,1.108,0.31
heavy_rsi,dd30_erp70,0.6,observe,0.24,-2.16,1.219,0.43,-2.36,1.234,0.4,-1.22,1.205,0.4
heavy_rsi,dd30_erp70,0.6,confirm,0.25,-2.08,1.226,0.42,-2.33,1.236,0.42,-1.29,1.216,0.42
heavy_rsi,dd30_erp70,0.6,parallel,0.16,-1.57,1.103,0.27,-1.54,1.12,0.26,-0.83,1.087,0.26
heavy_rsi,erp_only,0.3,observe,0.45,-3.52,1.41,0.76,-5.23,1.388,0.66,-1.69,1.432,0.66
heavy_rsi,erp_only,0.3,confirm,0.45,-3.48,1.413,0.75,-5.22,1.389,0.66,-1.68,1.437,0.66
heavy_rsi,erp_only,0.3,parallel,0.34,-2.89,1.229,0.55,-3.88,1.226,0.53,-1.51,1.232,0.53
heavy_rsi,erp_only,0.4,observe,0.41,-3.4,1.346,0.7,-4.68,1.341,0.61,-1.63,1.352,0.61
heavy_rsi,erp_only,0.4,confirm,0.41,-3.35,1.351,0.7,-4.66,1.342,0.62,-1.65,1.359,0.62
heavy_rsi,erp_only,0.4,parallel,0.3,-2.54,1.183,0.48,-3.28,1.184,0.46,-1.36,1.182,0.46
heavy_rsi,erp_only,0.5,observe,0.36,-2.95,1.288,0.6,-3.87,1.288,0.55,-1.53,1.288,0.55
heavy_rsi,erp_only,0.5,confirm,0.36,-2.89,1.294,0.59,-3.86,1.289,0.57,-1.58,1.298,0.57
heavy_rsi,erp_only,0.5,parallel,0.23,-2.03,1.141,0.39,-2.53,1.144,0.37,-1.13,1.138,0.37
heavy_rsi,erp_only,0.6,observe,0.3,-2.48,1.237,0.51,-3.12,1.24,0.46,-1.35,1.234,0.46
heavy_rsi,erp_only,0.6,confirm,0.3,-2.42,1.243,0.51,-3.11,1.242,0.49,-1.41,1.245,0.49
heavy_rsi,erp_only,0.6,parallel,0.19,-1.71,1.111,0.33,-1.98,1.119,0.3,-0.93,1.103,0.3
heavy_boll_z,dd_only,0.3,observe,0.15,-1.9,1.303,0.25,-1.02,1.365,0.21,-0.81,1.241,0.21
heavy_boll_z,dd_only,0.3,confirm,0.15,-1.81,1.31,0.24,-0.98,1.367,0.24,-0.88,1.254,0.24
heavy_boll_z,dd_only,0.3,parallel,0.12,-1.63,1.16,0.16,-0.72,1.213,0.18,-0.68,1.107,0.16
heavy_boll_z,dd_only,0.4,observe,0.13,-1.62,1.267,0.24,-0.86,1.317,0.2,-0.76,1.216,0.2
heavy_boll_z,dd_only,0.4,confirm,0.13,-1.54,1.274,0.22,-0.82,1.319,0.22,-0.83,1.229,0.22
heavy_boll_z,dd_only,0.4,parallel,0.1,-1.38,1.138,0.14,-0.55,1.184,0.17,-0.62,1.093,0.14
heavy_boll_z,dd_only,0.5,observe,0.12,-1.53,1.234,0.22,-0.72,1.284,0.19,-0.73,1.185,0.19
heavy_boll_z,dd_only,0.5,confirm,0.12,-1.44,1.242,0.21,-0.67,1.286,0.22,-0.8,1.197,0.21
heavy_boll_z,dd_only,0.5,parallel,0.09,-1.25,1.116,0.13,-0.54,1.155,0.15,-0.56,1.077,0.13
heavy_boll_z,dd_only,0.6,observe,0.12,-1.43,1.205,0.21,-0.65,1.25,0.19,-0.71,1.16,0.19
heavy_boll_z,dd_only,0.6,confirm,0.11,-1.34,1.212,0.19,-0.59,1.252,0.22,-0.78,1.172,0.19
heavy_boll_z,dd_only,0.6,parallel,0.09,-1.13,1.097,0.12,-0.53,1.13,0.14,-0.51,1.064,0.12
heavy_boll_z,dd70_erp30,0.3,observe,0.25,-2.54,1.319,0.41,-2.34,1.36,0.38,-1.25,1.278,0.38
heavy_boll_z,dd70_erp30,0.3,confirm,0.24,-2.45,1.326,0.39,-2.28,1.363,0.4,-1.3,1.29,0.39
heavy_boll_z,dd70_erp30,0.3,parallel,0.18,-2.02,1.164,0.3,-1.62,1.202,0.28,-0.95,1.126,0.28
heavy_boll_z,dd70_erp30,0.4,observe,0.22,-2.3,1.277,0.37,-2.07,1.315,0.35,-1.12,1.239,0.35
heavy_boll_z,dd70_erp30,0.4,confirm,0.22,-2.21,1.285,0.35,-2.01,1.318,0.37,-1.18,1.252,0.35
heavy_boll_z,dd70_erp30,0.4,parallel,0.16,-1.79,1.141,0.27,-1.39,1.175,0.25,-0.84,1.106,0.25
heavy_boll_z,dd70_erp30,0.5,observe,0.2,-1.97,1.241,0.33,-1.65,1.275,0.33,-1.05,1.207,0.33
heavy_boll_z,dd70_erp30,0.5,confirm,0.19,-1.88,1.248,0.31,-1.59,1.278,0.35,-1.12,1.219,0.31
heavy_boll_z,dd70_erp30,0.5,parallel,0.14,-1.5,1.117,0.23,-1.16,1.144,0.23,-0.77,1.09,0.23
heavy_boll_z,dd70_erp30,0.6,observe,0.17,-1.65,1.206,0.3,-1.29,1.236,0.29,-0.94,1.177,0.29
heavy_boll_z,dd70_erp30,0.6,confirm,0.17,-1.57,1.213,0.29,-1.24,1.239,0.31,-1.0,1.188,0.29
heavy_boll_z,dd70_erp30,0.6,parallel,0.12,-1.26,1.097,0.18,-0.93,1.121,0.19,-0.65,1.074,0.18
heavy_boll_z,dd50_erp50,0.3,observe,0.32,-2.91,1.334,0.54,-3.27,1.358,0.48,-1.43,1.311,0.48
heavy_boll_z,dd50_erp50,0.3,confirm,0.32,-2.84,1.341,0.53,-3.23,1.36,0.5,-1.47,1.321,0.5
heavy_boll_z,dd50_erp50,0.3,parallel,0.24,-2.33,1.176,0.39,-2.35,1.201,0.38,-1.21,1.152,0.38
heavy_boll_z,dd50_erp50,0.4,observe,0.28,-2.59,1.288,0.47,-2.79,1.311,0.45,-1.35,1.265,0.45
heavy_boll_z,dd50_erp50,0.4,confirm,0.28,-2.51,1.295,0.46,-2.75,1.313,0.47,-1.4,1.277,0.46
heavy_boll_z,dd50_erp50,0.4,parallel,0.2,-1.95,1.144,0.34,-1.88,1.168,0.31,-1.01,1.121,0.31
heavy_boll_z,dd50_erp50,0.5,observe,0.24,-2.24,1.246,0.4,-2.3,1.269,0.39,-1.2,1.224,0.39
heavy_boll_z,dd50_erp50,0.5,confirm,0.24,-2.15,1.253,0.39,-2.25,1.271,0.41,-1.26,1.236,0.39
heavy_boll_z,dd50_erp50,0.5,parallel,0.17,-1.66,1.119,0.28,-1.57,1.139,0.26,-0.86,1.099,0.26
heavy_boll_z,dd50_erp50,0.6,observe,0.2,-1.85,1.21,0.35,-1.79,1.231,0.34,-1.06,1.19,0.34
heavy_boll_z,dd50_erp50,0.6,confirm,0.2,-1.77,1.217,0.34,-1.74,1.234,0.36,-1.12,1.201,0.34
heavy_boll_z,dd50_erp50,0.6,parallel,0.13,-1.35,1.1,0.21,-1.21,1.117,0.23,-0.73,1.082,0.21
heavy_boll_z,dd30_erp70,0.3,observe,0.39,-3.41,1.362,0.66,-4.24,1.375,0.56,-1.57,1.348,0.56
heavy_boll_z,dd30_erp70,0.3,confirm,0.39,-3.34,1.367,0.66,-4.23,1.376,0.57,-1.59,1.358,0.57
heavy_boll_z,dd30_erp70,0.3,parallel,0.28,-2.55,1.195,0.46,-2.98,1.207,0.45,-1.35,1.183,0.45
heavy_boll_z,dd30_erp70,0.4,observe,0.34,-2.91,1.306,0.58,-3.61,1.314,0.51,-1.48,1.297,0.51
heavy_boll_z,dd30_erp70,0.4,confirm,0.34,-2.84,1.312,0.57,-3.6,1.315,0.53,-1.52,1.308,0.53
heavy_boll_z,dd30_erp70,0.4,parallel,0.24,-2.15,1.157,0.4,-2.43,1.169,0.38,-1.17,1.145,0.38
heavy_boll_z,dd30_erp70,0.5,observe,0.29,-2.46,1.259,0.48,-2.95,1.268,0.46,-1.35,1.251,0.46
heavy_boll_z,dd30_erp70,0.5,confirm,0.29,-2.39,1.265,0.48,-2.94,1.269,0.48,-1.41,1.262,0.48
heavy_boll_z,dd30_erp70,0.5,parallel,0.19,-1.8,1.123,0.33,-1.97,1.136,0.3,-0.96,1.111,0.3
heavy_boll_z,dd30_erp70,0.6,observe,0.24,-2.06,1.219,0.41,-2.3,1.232,0.38,-1.17,1.207,0.38
heavy_boll_z,dd30_erp70,0.6,confirm,0.24,-1.99,1.226,0.4,-2.26,1.234,0.41,-1.24,1.218,0.4
heavy_boll_z,dd30_erp70,0.6,parallel,0.16,-1.49,1.104,0.26,-1.48,1.119,0.25,-0.8,1.089,0.25
heavy_boll_z,erp_only,0.3,observe,0.45,-3.47,1.41,0.75,-5.17,1.388,0.65,-1.67,1.433,0.65
heavy_boll_z,erp_only,0.3,confirm,0.44,-3.43,1.414,0.74,-5.16,1.389,0.65,-1.66,1.438,0.65
heavy_boll_z,erp_only,0.3,parallel,0.34,-2.84,1.228,0.54,-3.87,1.222,0.53,-1.49,1.233,0.53
heavy_boll_z,erp_only,0.4,observe,0.41,-3.31,1.346,0.68,-4.59,1.338,0.61,-1.62,1.354,0.61
heavy_boll_z,erp_only,0.4,confirm,0.41,-3.26,1.351,0.68,-4.58,1.339,0.62,-1.65,1.362,0.62
heavy_boll_z,erp_only,0.4,parallel,0.29,-2.52,1.182,0.47,-3.26,1.183,0.45,-1.32,1.181,0.45
heavy_boll_z,erp_only,0.5,observe,0.35,-2.97,1.29,0.6,-3.91,1.29,0.53,-1.51,1.29,0.53
heavy_boll_z,erp_only,0.5,confirm,0.36,-2.91,1.295,0.6,-3.9,1.291,0.55,-1.55,1.3,0.55
heavy_boll_z,erp_only,0.5,parallel,0.23,-1.97,1.141,0.38,-2.48,1.142,0.38,-1.13,1.14,0.38
heavy_boll_z,erp_only,0.6,observe,0.28,-2.26,1.236,0.47,-2.91,1.235,0.45,-1.3,1.237,0.45
heavy_boll_z,erp_only,0.6,confirm,0.28,-2.2,1.242,0.47,-2.89,1.236,0.47,-1.36,1.247,0.47
heavy_boll_z,erp_only,0.6,parallel,0.19,-1.67,1.111,0.31,-1.92,1.119,0.3,-0.92,1.104,0.3
heavy_turnover,dd_only,0.3,observe,0.14,-1.81,1.303,0.27,-0.84,1.366,0.21,-0.81,1.239,0.21
heavy_turnover,dd_only,0.3,confirm,0.14,-1.73,1.31,0.25,-0.79,1.369,0.24,-0.88,1.251,0.24
heavy_turnover,dd_only,0.3,parallel,0.12,-1.77,1.157,0.17,-0.79,1.217,0.17,-0.64,1.097,0.17
heavy_turnover,dd_only,0.4,observe,0.14,-1.81,1.261,0.25,-0.82,1.324,0.21,-0.78,1.198,0.21
heavy_turnover,dd_only,0.4,confirm,0.14,-1.72,1.269,0.24,-0.77,1.327,0.24,-0.87,1.211,0.24
heavy_turnover,dd_only,0.4,parallel,0.1,-1.5,1.132,0.14,-0.54,1.185,0.16,-0.59,1.079,0.14
heavy_turnover,dd_only,0.5,observe,0.13,-1.74,1.219,0.22,-0.7,1.281,0.21,-0.76,1.158,0.21
heavy_turnover,dd_only,0.5,confirm,0.13,-1.65,1.227,0.2,-0.65,1.283,0.24,-0.85,1.17,0.2
heavy_turnover,dd_only,0.5,parallel,0.08,-1.22,1.109,0.11,-0.27,1.156,0.15,-0.53,1.063,0.11
heavy_turnover,dd_only,0.6,observe,0.13,-1.72,1.188,0.21,-0.64,1.249,0.21,-0.75,1.127,0.21
heavy_turnover,dd_only,0.6,confirm,0.13,-1.64,1.195,0.19,-0.59,1.252,0.24,-0.83,1.138,0.19
heavy_turnover,dd_only,0.6,parallel,0.07,-1.09,1.09,0.11,-0.27,1.131,0.12,-0.43,1.049,0.11
heavy_turnover,dd70_erp30,0.3,observe,0.24,-2.43,1.313,0.4,-2.11,1.355,0.39,-1.27,1.271,0.39
heavy_turnover,dd70_erp30,0.3,confirm,0.24,-2.34,1.32,0.38,-2.06,1.358,0.41,-1.32,1.283,0.38
heavy_turnover,dd70_erp30,0.3,parallel,0.19,-2.2,1.162,0.31,-1.66,1.209,0.28,-0.95,1.115,0.28
heavy_turnover,dd70_erp30,0.4,observe,0.23,-2.35,1.266,0.37,-1.95,1.308,0.38,-1.23,1.223,0.37
heavy_turnover,dd70_erp30,0.4,confirm,0.23,-2.26,1.273,0.36,-1.91,1.311,0.41,-1.29,1.236,0.36
heavy_turnover,dd70_erp30,0.4,parallel,0.17,-1.94,1.135,0.28,-1.38,1.179,0.24,-0.82,1.091,0.24
heavy_turnover,dd70_erp30,0.5,observe,0.21,-2.12,1.228,0.33,-1.63,1.269,0.36,-1.17,1.188,0.33
heavy_turnover,dd70_erp30,0.5,confirm,0.21,-2.04,1.235,0.32,-1.6,1.271,0.4,-1.25,1.2,0.32
heavy_turnover,dd70_erp30,0.5,parallel,0.14,-1.64,1.111,0.24,-1.05,1.151,0.21,-0.7,1.072,0.21
heavy_turnover,dd70_erp30,0.6,observe,0.18,-1.92,1.19,0.31,-1.32,1.232,0.31,-1.0,1.147,0.31
heavy_turnover,dd70_erp30,0.6,confirm,0.18,-1.85,1.196,0.3,-1.3,1.234,0.34,-1.09,1.159,0.3
heavy_turnover,dd70_erp30,0.6,parallel,0.11,-1.27,1.087,0.17,-0.69,1.121,0.17,-0.57,1.053,0.17
heavy_turnover,dd50_erp50,0.3,observe,0.31,-2.9,1.327,0.52,-3.09,1.355,0.49,-1.49,1.298,0.49
heavy_turnover,dd50_erp50,0.3,confirm,0.31,-2.82,1.333,0.51,-3.06,1.356,0.51,-1.52,1.309,0.51
heavy_turnover,dd50_erp50,0.3,parallel,0.24,-2.37,1.177,0.4,-2.31,1.206,0.38,-1.21,1.149,0.38
heavy_turnover,dd50_erp50,0.4,observe,0.27,-2.58,1.273,0.45,-2.6,1.302,0.45,-1.39,1.245,0.45
heavy_turnover,dd50_erp50,0.4,confirm,0.27,-2.51,1.28,0.44,-2.59,1.303,0.48,-1.45,1.256,0.44
heavy_turnover,dd50_erp50,0.4,parallel,0.21,-2.14,1.142,0.36,-1.88,1.176,0.3,-0.99,1.107,0.3
heavy_turnover,dd50_erp50,0.5,observe,0.25,-2.31,1.234,0.41,-2.26,1.26,0.41,-1.28,1.207,0.41
heavy_turnover,dd50_erp50,0.5,confirm,0.25,-2.24,1.24,0.41,-2.25,1.261,0.44,-1.35,1.219,0.41
heavy_turnover,dd50_erp50,0.5,parallel,0.17,-1.82,1.114,0.3,-1.5,1.146,0.25,-0.82,1.082,0.25
heavy_turnover,dd50_erp50,0.6,observe,0.21,-2.01,1.196,0.37,-1.77,1.225,0.36,-1.12,1.168,0.36
heavy_turnover,dd50_erp50,0.6,confirm,0.22,-1.94,1.203,0.37,-1.76,1.226,0.39,-1.21,1.18,0.37
heavy_turnover,dd50_erp50,0.6,parallel,0.13,-1.4,1.088,0.22,-1.04,1.116,0.19,-0.63,1.06,0.19
heavy_turnover,dd30_erp70,0.3,observe,0.39,-3.49,1.356,0.65,-4.13,1.378,0.58,-1.64,1.334,0.58
heavy_turnover,dd30_erp70,0.3,confirm,0.39,-3.43,1.361,0.65,-4.12,1.379,0.59,-1.66,1.344,0.59
heavy_turnover,dd30_erp70,0.3,parallel,0.28,-2.53,1.192,0.45,-2.84,1.207,0.45,-1.36,1.176,0.45
heavy_turnover,dd30_erp70,0.4,observe,0.32,-2.83,1.292,0.53,-3.26,1.307,0.53,-1.54,1.277,0.53
heavy_turnover,dd30_erp70,0.4,confirm,0.32,-2.76,1.298,0.53,-3.26,1.308,0.55,-1.59,1.288,0.53
heavy_turnover,dd30_erp70,0.4,parallel,0.24,-2.31,1.156,0.41,-2.38,1.179,0.38,-1.17,1.133,0.38
heavy_turnover,dd30_erp70,0.5,observe,0.28,-2.49,1.246,0.46,-2.69,1.265,0.45,-1.37,1.226,0.45
heavy_turnover,dd30_erp70,0.5,confirm,0.28,-2.43,1.252,0.46,-2.69,1.266,0.48,-1.45,1.238,0.46
heavy_turnover,dd30_erp70,0.5,parallel,0.19,-1.91,1.122,0.33,-1.82,1.146,0.29,-0.93,1.097,0.29
heavy_turnover,dd30_erp70,0.6,observe,0.23,-2.08,1.208,0.4,-2.15,1.226,0.4,-1.21,1.191,0.4
heavy_turnover,dd30_erp70,0.6,confirm,0.24,-2.02,1.214,0.4,-2.14,1.227,0.43,-1.3,1.202,0.4
heavy_turnover,dd30_erp70,0.6,parallel,0.15,-1.56,1.094,0.26,-1.35,1.118,0.22,-0.72,1.069,0.22
heavy_turnover,erp_only,0.3,observe,0.45,-3.6,1.407,0.75,-5.14,1.395,0.65,-1.68,1.42,0.65
heavy_turnover,erp_only,0.3,confirm,0.45,-3.57,1.41,0.75,-5.12,1.396,0.66,-1.68,1.424,0.66
heavy_turnover,erp_only,0.3,parallel,0.33,-2.83,1.225,0.54,-3.7,1.225,0.52,-1.46,1.224,0.52
heavy_turnover,erp_only,0.4,observe,0.4,-3.31,1.339,0.68,-4.43,1.337,0.61,-1.65,1.342,0.61
heavy_turnover,erp_only,0.4,confirm,0.4,-3.26,1.344,0.68,-4.42,1.338,0.62,-1.68,1.349,0.62
heavy_turnover,erp_only,0.4,parallel,0.29,-2.51,1.178,0.47,-3.14,1.182,0.46,-1.35,1.173,0.46
heavy_turnover,erp_only,0.5,observe,0.34,-2.82,1.274,0.56,-3.54,1.279,0.53,-1.51,1.27,0.53
heavy_turnover,erp_only,0.5,confirm,0.34,-2.76,1.28,0.56,-3.53,1.28,0.56,-1.57,1.28,0.56
heavy_turnover,erp_only,0.5,parallel,0.24,-2.11,1.136,0.39,-2.43,1.146,0.38,-1.15,1.125,0.38
heavy_turnover,erp_only,0.6,observe,0.27,-2.33,1.222,0.47,-2.75,1.23,0.44,-1.32,1.213,0.44
heavy_turnover,erp_only,0.6,confirm,0.28,-2.27,1.228,0.47,-2.74,1.232,0.47,-1.4,1.225,0.47
heavy_turnover,erp_only,0.6,parallel,0.18,-1.7,1.102,0.3,-1.78,1.117,0.28,-0.88,1.087,0.28
heavy_margin,dd_only,0.3,observe,0.13,-1.59,1.3,0.23,-0.52,1.361,0.22,-0.85,1.239,0.22
heavy_margin,dd_only,0.3,confirm,0.13,-1.51,1.307,0.23,-0.5,1.362,0.25,-0.91,1.251,0.23
heavy_margin,dd_only,0.3,parallel,0.1,-1.48,1.155,0.12,-0.44,1.21,0.18,-0.65,1.099,0.12
heavy_margin,dd_only,0.4,observe,0.11,-1.45,1.264,0.19,-0.37,1.322,0.21,-0.78,1.206,0.19
heavy_margin,dd_only,0.4,confirm,0.11,-1.37,1.271,0.18,-0.34,1.323,0.24,-0.85,1.219,0.18
heavy_margin,dd_only,0.4,parallel,0.08,-1.18,1.131,0.08,-0.16,1.179,0.16,-0.59,1.083,0.08
heavy_margin,dd_only,0.5,observe,0.11,-1.39,1.227,0.18,-0.33,1.28,0.22,-0.79,1.173,0.18
heavy_margin,dd_only,0.5,confirm,0.11,-1.3,1.234,0.17,-0.3,1.282,0.25,-0.87,1.186,0.17
heavy_margin,dd_only,0.5,parallel,0.06,-0.95,1.109,0.07,0.03,1.151,0.14,-0.5,1.066,0.07
heavy_margin,dd_only,0.6,observe,0.09,-1.14,1.194,0.14,-0.01,1.243,0.22,-0.77,1.144,0.14
heavy_margin,dd_only,0.6,confirm,0.09,-1.06,1.201,0.12,0.04,1.246,0.25,-0.85,1.156,0.12
heavy_margin,dd_only,0.6,parallel,0.05,-0.78,1.093,0.04,0.15,1.131,0.12,-0.42,1.054,0.04
heavy_margin,dd70_erp30,0.3,observe,0.22,-2.12,1.306,0.37,-1.8,1.342,0.38,-1.22,1.27,0.37
heavy_margin,dd70_erp30,0.3,confirm,0.22,-2.04,1.313,0.35,-1.74,1.344,0.4,-1.26,1.282,0.35
heavy_margin,dd70_erp30,0.3,parallel,0.18,-1.92,1.162,0.28,-1.43,1.201,0.29,-0.97,1.123,0.28
heavy_margin,dd70_erp30,0.4,observe,0.19,-1.83,1.264,0.32,-1.45,1.295,0.36,-1.17,1.233,0.32
heavy_margin,dd70_erp30,0.4,confirm,0.19,-1.75,1.272,0.3,-1.39,1.298,0.39,-1.23,1.245,0.3
heavy_margin,dd70_erp30,0.4,parallel,0.14,-1.53,1.135,0.22,-0.93,1.17,0.26,-0.87,1.101,0.22
heavy_margin,dd70_erp30,0.5,observe,0.17,-1.62,1.226,0.27,-1.08,1.259,0.34,-1.09,1.194,0.27
heavy_margin,dd70_erp30,0.5,confirm,0.17,-1.54,1.234,0.25,-1.02,1.262,0.37,-1.16,1.205,0.25
heavy_margin,dd70_erp30,0.5,parallel,0.1,-1.14,1.112,0.16,-0.56,1.141,0.21,-0.73,1.084,0.16
heavy_margin,dd70_erp30,0.6,observe,0.14,-1.46,1.197,0.23,-0.71,1.235,0.3,-0.97,1.159,0.23
heavy_margin,dd70_erp30,0.6,confirm,0.14,-1.37,1.205,0.21,-0.66,1.238,0.34,-1.06,1.171,0.21
heavy_margin,dd70_erp30,0.6,parallel,0.08,-0.93,1.091,0.12,-0.34,1.118,0.17,-0.57,1.064,0.12
heavy_margin,dd50_erp50,0.3,observe,0.28,-2.47,1.317,0.47,-2.68,1.334,0.48,-1.45,1.299,0.47
heavy_margin,dd50_erp50,0.3,confirm,0.28,-2.39,1.323,0.46,-2.63,1.337,0.49,-1.47,1.309,0.46
heavy_margin,dd50_erp50,0.3,parallel,0.22,-2.1,1.172,0.37,-2.01,1.196,0.37,-1.19,1.148,0.37
heavy_margin,dd50_erp50,0.4,observe,0.25,-2.15,1.27,0.4,-2.22,1.287,0.44,-1.35,1.253,0.4
heavy_margin,dd50_erp50,0.4,confirm,0.24,-2.08,1.277,0.39,-2.17,1.29,0.46,-1.39,1.263,0.39
heavy_margin,dd50_erp50,0.4,parallel,0.18,-1.74,1.14,0.31,-1.52,1.164,0.31,-0.99,1.116,0.31
heavy_margin,dd50_erp50,0.5,observe,0.21,-1.76,1.234,0.34,-1.6,1.252,0.41,-1.25,1.216,0.34
heavy_margin,dd50_erp50,0.5,confirm,0.2,-1.68,1.242,0.33,-1.55,1.255,0.43,-1.32,1.228,0.33
heavy_margin,dd50_erp50,0.5,parallel,0.14,-1.29,1.116,0.23,-0.99,1.135,0.27,-0.88,1.097,0.23
heavy_margin,dd50_erp50,0.6,observe,0.17,-1.55,1.2,0.28,-1.08,1.228,0.34,-1.06,1.172,0.28
heavy_margin,dd50_erp50,0.6,confirm,0.17,-1.47,1.208,0.26,-1.03,1.231,0.38,-1.15,1.184,0.26
heavy_margin,dd50_erp50,0.6,parallel,0.1,-0.97,1.093,0.16,-0.58,1.111,0.21,-0.69,1.074,0.16
heavy_margin,dd30_erp70,0.3,observe,0.36,-3.01,1.347,0.62,-3.74,1.353,0.58,-1.63,1.341,0.58
heavy_margin,dd30_erp70,0.3,confirm,0.36,-2.96,1.351,0.61,-3.73,1.354,0.59,-1.64,1.348,0.59
heavy_margin,dd30_erp70,0.3,parallel,0.26,-2.3,1.186,0.44,-2.64,1.196,0.45,-1.37,1.177,0.44
heavy_margin,dd30_erp70,0.4,observe,0.29,-2.36,1.286,0.49,-2.83,1.289,0.52,-1.51,1.283,0.49
heavy_margin,dd30_erp70,0.4,confirm,0.29,-2.3,1.291,0.49,-2.8,1.291,0.53,-1.53,1.291,0.49
heavy_margin,dd30_erp70,0.4,parallel,0.21,-1.88,1.147,0.36,-1.95,1.161,0.37,-1.17,1.134,0.36
heavy_margin,dd30_erp70,0.5,observe,0.24,-1.96,1.241,0.41,-2.13,1.25,0.44,-1.31,1.232,0.41
heavy_margin,dd30_erp70,0.5,confirm,0.24,-1.89,1.248,0.4,-2.09,1.253,0.46,-1.37,1.243,0.4
heavy_margin,dd30_erp70,0.5,parallel,0.16,-1.45,1.12,0.28,-1.36,1.134,0.31,-0.96,1.106,0.28
heavy_margin,dd30_erp70,0.6,observe,0.19,-1.57,1.206,0.32,-1.46,1.22,0.39,-1.18,1.193,0.32
heavy_margin,dd30_erp70,0.6,confirm,0.19,-1.5,1.213,0.31,-1.41,1.222,0.42,-1.25,1.204,0.31
heavy_margin,dd30_erp70,0.6,parallel,0.12,-1.02,1.098,0.18,-0.79,1.11,0.25,-0.81,1.086,0.18
heavy_margin,erp_only,0.3,observe,0.43,-3.24,1.394,0.72,-4.78,1.372,0.66,-1.71,1.416,0.66
heavy_margin,erp_only,0.3,confirm,0.42,-3.21,1.397,0.72,-4.77,1.373,0.66,-1.71,1.421,0.66
heavy_margin,erp_only,0.3,parallel,0.33,-2.65,1.223,0.53,-3.55,1.219,0.52,-1.44,1.227,0.52
heavy_margin,erp_only,0.4,observe,0.37,-2.8,1.331,0.63,-3.93,1.317,0.61,-1.64,1.346,0.61
heavy_margin,erp_only,0.4,confirm,0.37,-2.76,1.335,0.63,-3.91,1.318,0.62,-1.67,1.353,0.62
heavy_margin,erp_only,0.4,parallel,0.26,-2.08,1.172,0.43,-2.7,1.168,0.45,-1.3,1.176,0.43
heavy_margin,erp_only,0.5,observe,0.3,-2.1,1.267,0.51,-2.93,1.252,0.53,-1.47,1.282,0.51
heavy_margin,erp_only,0.5,confirm,0.3,-2.05,1.271,0.51,-2.91,1.253,0.54,-1.5,1.29,0.51
heavy_margin,erp_only,0.5,parallel,0.2,-1.66,1.132,0.33,-1.94,1.135,0.36,-1.1,1.13,0.33
heavy_margin,erp_only,0.6,observe,0.23,-1.69,1.214,0.4,-2.06,1.21,0.44,-1.29,1.218,0.4
heavy_margin,erp_only,0.6,confirm,0.23,-1.63,1.22,0.39,-2.03,1.212,0.47,-1.36,1.228,0.39
heavy_margin,erp_only,0.6,parallel,0.14,-1.16,1.104,0.23,-1.21,1.108,0.29,-0.88,1.099,0.23
