date,congestion
2011-09-05,0.3167
2011-09-06,0.3418
2011-09-07,0.3349
2011-09-08,0.3434
2011-09-09,0.3471
2011-09-13,0.3451
2011-09-14,0.3504
2011-09-15,0.3364
2011-09-16,0.3577
2011-09-19,0.3385
2011-09-20,0.3631
2011-09-21,0.3414
2011-09-22,0.3503
2011-09-23,0.3686
2011-09-26,0.3885
2011-09-27,0.3657
2011-09-28,0.3534
2011-09-29,0.3259
2011-09-30,0.3544
2011-10-10,0.3893
2011-10-11,0.4018
2011-10-12,0.3849
2011-10-13,0.3386
2011-10-14,0.3475
2011-10-17,0.3587
2011-10-18,0.3715
2011-10-19,0.3741
2011-10-20,0.3449
2011-10-21,0.3556
2011-10-24,0.3741
2011-10-25,0.3507
2011-10-26,0.3448
2011-10-27,0.3119
2011-10-28,0.3351
2011-10-31,0.3093
2011-11-01,0.3111
2011-11-02,0.2993
2011-11-03,0.2866
2011-11-04,0.2899
2011-11-07,0.2865
2011-11-08,0.2995
2011-11-09,0.3029
2011-11-10,0.2924
2011-11-11,0.2979
2011-11-14,0.2641
2011-11-15,0.2687
2011-11-16,0.2813
2011-11-17,0.2853
2011-11-18,0.2785
2011-11-21,0.2939
2011-11-22,0.3124
2011-11-23,0.3094
2011-11-24,0.2923
2011-11-25,0.3153
2011-11-28,0.3099
2011-11-29,0.286
2011-11-30,0.2781
2011-12-01,0.3348
2011-12-02,0.3121
2011-12-05,0.3093
2011-12-06,0.3243
2011-12-07,0.3522
2011-12-08,0.3315
2011-12-09,0.3521
2011-12-12,0.3403
2011-12-13,0.3277
2011-12-14,0.3322
2011-12-15,0.3333
2011-12-16,0.3569
2011-12-19,0.3498
2011-12-20,0.3455
2011-12-21,0.3611
2011-12-22,0.3245
2011-12-23,0.356
2011-12-26,0.3535
2011-12-27,0.3422
2011-12-28,0.3379
2011-12-29,0.3361
2011-12-30,0.332
2012-01-04,0.3403
2012-01-05,0.351
2012-01-06,0.3482
2012-01-09,0.3588
2012-01-10,0.3436
2012-01-11,0.3356
2012-01-12,0.3456
2012-01-13,0.3443
2012-01-16,0.38
2012-01-17,0.3825
2012-01-18,0.3911
2012-01-19,0.4003
2012-01-20,0.4202
2012-01-30,0.3924
2012-01-31,0.3884
2012-02-01,0.374
2012-02-02,0.3813
2012-02-03,0.3325
2012-02-06,0.3094
2012-02-07,0.3223
2012-02-08,0.3617
2012-02-09,0.3201
2012-02-10,0.3327
2012-02-13,0.2999
2012-02-14,0.3054
2012-02-15,0.2938
2012-02-16,0.2773
2012-02-17,0.2986
2012-02-20,0.3108
2012-02-21,0.2969
2012-02-22,0.2841
2012-02-23,0.2987
2012-02-24,0.3146
2012-02-27,0.3036
2012-02-28,0.299
2012-02-29,0.3293
2012-03-01,0.3192
2012-03-02,0.3091
2012-03-05,0.3001
2012-03-06,0.3152
2012-03-07,0.3039
2012-03-08,0.3157
2012-03-09,0.3103
2012-03-12,0.3129
2012-03-13,0.2872
2012-03-14,0.2963
2012-03-15,0.3145
2012-03-16,0.3179
2012-03-19,0.318
2012-03-20,0.3262
2012-03-21,0.3499
2012-03-22,0.3445
2012-03-23,0.3235
2012-03-26,0.3363
2012-03-27,0.3605
2012-03-28,0.3125
2012-03-29,0.3406
2012-03-30,0.347
2012-04-05,0.3725
2012-04-06,0.3505
2012-04-09,0.3423
2012-04-10,0.3355
2012-04-11,0.3294
2012-04-12,0.3146
2012-04-13,0.3253
2012-04-16,0.3012
2012-04-17,0.3049
2012-04-18,0.3108
2012-04-19,0.3367
2012-04-20,0.3433
2012-04-23,0.3205
2012-04-24,0.3452
2012-04-25,0.3176
2012-04-26,0.3371
2012-04-27,0.3582
2012-05-02,0.3809
2012-05-03,0.3786
2012-05-04,0.3591
2012-05-07,0.3577
2012-05-08,0.3441
2012-05-09,0.3561
2012-05-10,0.3742
2012-05-11,0.3661
2012-05-14,0.361
2012-05-15,0.3637
2012-05-16,0.3855
2012-05-17,0.3895
2012-05-18,0.3597
2012-05-21,0.3958
2012-05-22,0.3894
2012-05-23,0.4017
2012-05-24,0.3898
2012-05-25,0.3774
2012-05-28,0.3867
2012-05-29,0.3812
2012-05-30,0.3448
2012-05-31,0.3395
2012-06-01,0.3832
2012-06-04,0.3667
2012-06-05,0.3817
2012-06-06,0.396
2012-06-07,0.3818
2012-06-08,0.3982
2012-06-11,0.366
2012-06-12,0.3598
2012-06-13,0.3625
2012-06-14,0.3498
2012-06-15,0.3735
2012-06-18,0.3366
2012-06-19,0.335
2012-06-20,0.3313
2012-06-21,0.3348
2012-06-25,0.3529
2012-06-26,0.3438
2012-06-27,0.3361
2012-06-28,0.3486
2012-06-29,0.3548
2012-07-02,0.3592
2012-07-03,0.3402
2012-07-04,0.3434
2012-07-05,0.3409
2012-07-06,0.3949
2012-07-09,0.386
2012-07-10,0.3747
2012-07-11,0.3981
2012-07-12,0.3983
2012-07-13,0.3833
2012-07-16,0.363
2012-07-17,0.4047
2012-07-18,0.4036
2012-07-19,0.355
2012-07-20,0.3711
2012-07-23,0.3758
2012-07-24,0.3772
2012-07-25,0.3528
2012-07-26,0.3808
2012-07-27,0.3887
2012-07-30,0.3672
2012-07-31,0.3807
2012-08-01,0.3906
2012-08-02,0.3887
2012-08-03,0.3642
2012-08-06,0.345
2012-08-07,0.3434
2012-08-08,0.3704
2012-08-09,0.3691
2012-08-10,0.371
2012-08-13,0.3812
2012-08-14,0.3716
2012-08-15,0.366
2012-08-16,0.3809
2012-08-17,0.3865
2012-08-20,0.3767
2012-08-21,0.3313
2012-08-22,0.3412
2012-08-23,0.3449
2012-08-24,0.3358
2012-08-27,0.3542
2012-08-28,0.3555
2012-08-29,0.3445
2012-08-30,0.3455
2012-08-31,0.3477
2012-09-03,0.3643
2012-09-04,0.3607
2012-09-05,0.3591
2012-09-06,0.3366
2012-09-07,0.3241
2012-09-10,0.3298
2012-09-11,0.3196
2012-09-12,0.3115
2012-09-13,0.3062
2012-09-14,0.3661
2012-09-17,0.3546
2012-09-18,0.3583
2012-09-19,0.373
2012-09-20,0.3605
2012-09-21,0.3862
2012-09-24,0.3932
2012-09-25,0.3922
2012-09-26,0.3571
2012-09-27,0.409
2012-09-28,0.4272
2012-10-08,0.4013
2012-10-09,0.3625
2012-10-10,0.3331
2012-10-11,0.3488
2012-10-12,0.3516
2012-10-15,0.3423
2012-10-16,0.3605
2012-10-17,0.3717
2012-10-18,0.3397
2012-10-19,0.3251
2012-10-22,0.3441
2012-10-23,0.3257
2012-10-24,0.3267
2012-10-25,0.3265
2012-10-26,0.3269
2012-10-29,0.3682
2012-10-30,0.3768
2012-10-31,0.3845
2012-11-01,0.3606
2012-11-02,0.3583
2012-11-05,0.3453
2012-11-06,0.3596
2012-11-07,0.3898
2012-11-08,0.3329
2012-11-09,0.3478
2012-11-12,0.3772
2012-11-13,0.3512
2012-11-14,0.35
2012-11-15,0.3544
2012-11-16,0.3599
2012-11-19,0.4088
2012-11-20,0.381
2012-11-21,0.3592
2012-11-22,0.3722
2012-11-23,0.3951
2012-11-26,0.3781
2012-11-27,0.3202
2012-11-28,0.3659
2012-11-29,0.4061
2012-11-30,0.4062
2012-12-03,0.4413
2012-12-04,0.3926
2012-12-05,0.4202
2012-12-06,0.4176
2012-12-07,0.4062
2012-12-10,0.3645
2012-12-11,0.3598
2012-12-12,0.378
2012-12-13,0.3739
2012-12-14,0.3838
2012-12-17,0.3847
2012-12-18,0.4036
2012-12-19,0.4086
2012-12-20,0.387
2012-12-21,0.3702
2012-12-24,0.3663
2012-12-25,0.3502
2012-12-26,0.3104
2012-12-27,0.32
2012-12-28,0.3414
2012-12-31,0.349
2013-01-04,0.3808
2013-01-07,0.3379
2013-01-08,0.3089
2013-01-09,0.3129
2013-01-10,0.3205
2013-01-11,0.3066
2013-01-14,0.3245
2013-01-15,0.3012
2013-01-16,0.3124
2013-01-17,0.3226
2013-01-18,0.3198
2013-01-21,0.3284
2013-01-22,0.363
2013-01-23,0.345
2013-01-24,0.3792
2013-01-25,0.3653
2013-01-28,0.4033
2013-01-29,0.4041
2013-01-30,0.3848
2013-01-31,0.3753
2013-02-01,0.4225
2013-02-04,0.4227
2013-02-05,0.41
2013-02-06,0.3929
2013-02-07,0.4347
2013-02-08,0.3759
2013-02-18,0.3397
2013-02-19,0.3472
2013-02-20,0.3345
2013-02-21,0.3574
2013-02-22,0.356
2013-02-25,0.3283
2013-02-26,0.3574
2013-02-27,0.3625
2013-02-28,0.3823
2013-03-01,0.3405
2013-03-04,0.3674
2013-03-05,0.3864
2013-03-06,0.3395
2013-03-07,0.3419
2013-03-08,0.3501
2013-03-11,0.3473
2013-03-12,0.3285
2013-03-13,0.363
2013-03-14,0.3707
2013-03-15,0.4047
2013-03-18,0.4007
2013-03-19,0.3791
2013-03-20,0.4099
2013-03-21,0.3458
2013-03-22,0.3376
2013-03-25,0.3542
2013-03-26,0.3641
2013-03-27,0.3563
2013-03-28,0.3994
2013-03-29,0.3842
2013-04-01,0.3508
2013-04-02,0.3548
2013-04-03,0.3491
2013-04-08,0.3785
2013-04-09,0.375
2013-04-10,0.385
2013-04-11,0.3704
2013-04-12,0.3867
2013-04-15,0.373
2013-04-16,0.4066
2013-04-17,0.4074
2013-04-18,0.4054
2013-04-19,0.3897
2013-04-22,0.3593
2013-04-23,0.3703
2013-04-24,0.3764
2013-04-25,0.363
2013-04-26,0.3558
2013-05-02,0.3937
2013-05-03,0.3774
2013-05-06,0.3468
2013-05-07,0.3555
2013-05-08,0.3495
2013-05-09,0.3484
2013-05-10,0.3139
2013-05-13,0.3253
2013-05-14,0.3398
2013-05-15,0.3347
2013-05-16,0.3374
2013-05-17,0.3081
2013-05-20,0.3015
2013-05-21,0.2944
2013-05-22,0.2864
2013-05-23,0.3168
2013-05-24,0.3024
2013-05-27,0.2949
2013-05-28,0.3159
2013-05-29,0.3098
2013-05-30,0.3013
2013-05-31,0.2811
2013-06-03,0.294
2013-06-04,0.2993
2013-06-05,0.318
2013-06-06,0.3343
2013-06-07,0.3399
2013-06-13,0.3493
2013-06-14,0.3511
2013-06-17,0.3413
2013-06-18,0.3523
2013-06-19,0.3429
2013-06-20,0.3485
2013-06-21,0.3626
2013-06-24,0.374
2013-06-25,0.373
2013-06-26,0.3673
2013-06-27,0.3489
2013-06-28,0.3843
2013-07-01,0.3702
2013-07-02,0.3548
2013-07-03,0.3525
2013-07-04,0.3351
2013-07-05,0.3516
2013-07-08,0.3414
2013-07-09,0.3718
2013-07-10,0.364
2013-07-11,0.3923
2013-07-12,0.3755
2013-07-15,0.3598
2013-07-16,0.3238
2013-07-17,0.3223
2013-07-18,0.3319
2013-07-19,0.3498
2013-07-22,0.3503
2013-07-23,0.331
2013-07-24,0.3404
2013-07-25,0.3315
2013-07-26,0.3328
2013-07-29,0.3499
2013-07-30,0.3492
2013-07-31,0.3463
2013-08-01,0.3202
2013-08-02,0.2923
2013-08-05,0.2813
2013-08-06,0.3001
2013-08-07,0.2984
2013-08-08,0.3056
2013-08-09,0.312
2013-08-12,0.341
2013-08-13,0.3253
2013-08-14,0.3136
2013-08-15,0.3106
2013-08-16,0.3721
2013-08-19,0.3649
2013-08-20,0.339
2013-08-21,0.3238
2013-08-22,0.3246
2013-08-23,0.3309
2013-08-26,0.313
2013-08-27,0.3086
2013-08-28,0.3185
2013-08-29,0.3158
2013-08-30,0.3109
2013-09-02,0.3645
2013-09-03,0.3395
2013-09-04,0.3557
2013-09-05,0.3391
2013-09-06,0.3511
2013-09-09,0.4001
2013-09-10,0.3836
2013-09-11,0.3608
2013-09-12,0.4143
2013-09-13,0.3845
2013-09-16,0.406
2013-09-17,0.3987
2013-09-18,0.3955
2013-09-23,0.3715
2013-09-24,0.3872
2013-09-25,0.3805
2013-09-26,0.3682
2013-09-27,0.3912
2013-09-30,0.3937
2013-10-08,0.3926
2013-10-09,0.3522
2013-10-10,0.3683
2013-10-11,0.3533
2013-10-14,0.3281
2013-10-15,0.3152
2013-10-16,0.3299
2013-10-17,0.3357
2013-10-18,0.3521
2013-10-21,0.3308
2013-10-22,0.3354
2013-10-23,0.3281
2013-10-24,0.3349
2013-10-25,0.3581
2013-10-28,0.3534
2013-10-29,0.3658
2013-10-30,0.3925
2013-10-31,0.3791
2013-11-01,0.3828
2013-11-04,0.3634
2013-11-05,0.358
2013-11-06,0.3476
2013-11-07,0.3548
2013-11-08,0.3667
2013-11-11,0.3695
2013-11-12,0.3756
2013-11-13,0.3636
2013-11-14,0.3682
2013-11-15,0.3544
2013-11-18,0.3734
2013-11-19,0.3539
2013-11-20,0.3454
2013-11-21,0.3635
2013-11-22,0.3732
2013-11-25,0.3618
2013-11-26,0.3305
2013-11-27,0.3497
2013-11-28,0.3148
2013-11-29,0.2942
2013-12-02,0.351
2013-12-03,0.3363
2013-12-04,0.3198
2013-12-05,0.3351
2013-12-06,0.3459
2013-12-09,0.3302
2013-12-10,0.3177
2013-12-11,0.3387
2013-12-12,0.3236
2013-12-13,0.3151
2013-12-16,0.3215
2013-12-17,0.3344
2013-12-18,0.3303
2013-12-19,0.3469
2013-12-20,0.364
2013-12-23,0.3405
2013-12-24,0.3358
2013-12-25,0.3188
2013-12-26,0.3101
2013-12-27,0.3098
2013-12-30,0.3001
2013-12-31,0.3316
2014-01-02,0.3015
2014-01-03,0.3078
2014-01-06,0.312
2014-01-07,0.3091
2014-01-08,0.3145
2014-01-09,0.3285
2014-01-10,0.3148
2014-01-13,0.3341
2014-01-14,0.3253
2014-01-15,0.3148
2014-01-16,0.3111
2014-01-17,0.3292
2014-01-20,0.3221
2014-01-21,0.3384
2014-01-22,0.3177
2014-01-23,0.3134
2014-01-24,0.2842
2014-01-27,0.3138
2014-01-28,0.3139
2014-01-29,0.3273
2014-01-30,0.3339
2014-02-07,0.3132
2014-02-10,0.266
2014-02-11,0.2794
2014-02-12,0.2602
2014-02-13,0.2851
2014-02-14,0.2698
2014-02-17,0.254
2014-02-18,0.2633
2014-02-19,0.2697
2014-02-20,0.2706
2014-02-21,0.275
2014-02-24,0.2809
2014-02-25,0.2704
2014-02-26,0.2925
2014-02-27,0.2992
2014-02-28,0.3036
2014-03-03,0.2855
2014-03-04,0.3006
2014-03-05,0.2747
2014-03-06,0.2922
2014-03-07,0.2933
2014-03-10,0.2831
2014-03-11,0.3006
2014-03-12,0.3214
2014-03-13,0.3175
2014-03-14,0.3137
2014-03-17,0.2787
2014-03-18,0.2756
2014-03-19,0.2842
2014-03-20,0.2793
2014-03-21,0.3155
2014-03-24,0.3138
2014-03-25,0.2929
2014-03-26,0.2927
2014-03-27,0.3097
2014-03-28,0.292
2014-03-31,0.3036
2014-04-01,0.3121
2014-04-02,0.3251
2014-04-03,0.3276
2014-04-04,0.3132
2014-04-08,0.3592
2014-04-09,0.3019
2014-04-10,0.3563
2014-04-11,0.3661
2014-04-14,0.3138
2014-04-15,0.3144
2014-04-16,0.3161
2014-04-17,0.3061
2014-04-18,0.3089
2014-04-21,0.2907
2014-04-22,0.3108
2014-04-23,0.3233
2014-04-24,0.3126
2014-04-25,0.3259
2014-04-28,0.2971
2014-04-29,0.3208
2014-04-30,0.3297
2014-05-05,0.3237
2014-05-06,0.3055
2014-05-07,0.3093
2014-05-08,0.32
2014-05-09,0.3091
2014-05-12,0.3303
2014-05-13,0.3414
2014-05-14,0.328
2014-05-15,0.2982
2014-05-16,0.3036
2014-05-19,0.3485
2014-05-20,0.3133
2014-05-21,0.3091
2014-05-22,0.2966
2014-05-23,0.3184
2014-05-26,0.2991
2014-05-27,0.3133
2014-05-28,0.316
2014-05-29,0.3353
2014-05-30,0.3486
2014-06-03,0.3472
2014-06-04,0.3172
2014-06-05,0.3289
2014-06-06,0.3288
2014-06-09,0.338
2014-06-10,0.3451
2014-06-11,0.3192
2014-06-12,0.3291
2014-06-13,0.3084
2014-06-16,0.3042
2014-06-17,0.3189
2014-06-18,0.3124
2014-06-19,0.3059
2014-06-20,0.3147
2014-06-23,0.2977
2014-06-24,0.3155
2014-06-25,0.3119
2014-06-26,0.2812
2014-06-27,0.282
2014-06-30,0.2785
2014-07-01,0.301
2014-07-02,0.2873
2014-07-03,0.2684
2014-07-04,0.2891
2014-07-07,0.2934
2014-07-08,0.3059
2014-07-09,0.2959
2014-07-10,0.3208
2014-07-11,0.3145
2014-07-14,0.2932
2014-07-15,0.2988
2014-07-16,0.284
2014-07-17,0.3044
2014-07-18,0.3167
2014-07-21,0.3139
2014-07-22,0.3119
2014-07-23,0.3005
2014-07-24,0.339
2014-07-25,0.3187
2014-07-28,0.3545
2014-07-29,0.3093
2014-07-30,0.3181
2014-07-31,0.3204
2014-08-01,0.2926
2014-08-04,0.3168
2014-08-05,0.3009
2014-08-06,0.3047
2014-08-07,0.3005
2014-08-08,0.3091
2014-08-11,0.2705
2014-08-12,0.2903
2014-08-13,0.2846
2014-08-14,0.2689
2014-08-15,0.2866
2014-08-18,0.2624
2014-08-19,0.275
2014-08-20,0.2692
2014-08-21,0.2904
2014-08-22,0.2854
2014-08-25,0.2827
2014-08-26,0.2848
2014-08-27,0.3202
2014-08-28,0.3106
2014-08-29,0.3114
2014-09-01,0.29
2014-09-02,0.2897
2014-09-03,0.2806
2014-09-04,0.2755
2014-09-05,0.2775
2014-09-09,0.2664
2014-09-10,0.2582
2014-09-11,0.2539
2014-09-12,0.2597
2014-09-15,0.2415
2014-09-16,0.2417
2014-09-17,0.2534
2014-09-18,0.2578
2014-09-19,0.257
2014-09-22,0.254
2014-09-23,0.2537
2014-09-24,0.2779
2014-09-25,0.2657
2014-09-26,0.2622
2014-09-29,0.2529
2014-09-30,0.2455
2014-10-08,0.2445
2014-10-09,0.2428
2014-10-10,0.2688
2014-10-13,0.2621
2014-10-14,0.2602
2014-10-15,0.2839
2014-10-16,0.2772
2014-10-17,0.2649
2014-10-20,0.276
2014-10-21,0.276
2014-10-22,0.2692
2014-10-23,0.2717
2014-10-24,0.3001
2014-10-27,0.3015
2014-10-28,0.2788
2014-10-29,0.2817
2014-10-30,0.2773
2014-10-31,0.332
2014-11-03,0.3001
2014-11-04,0.3076
2014-11-05,0.3359
2014-11-06,0.2961
2014-11-07,0.3298
2014-11-10,0.3701
2014-11-11,0.3751
2014-11-12,0.3586
2014-11-13,0.3551
2014-11-14,0.3571
2014-11-17,0.355
2014-11-18,0.3491
2014-11-19,0.3148
2014-11-20,0.3246
2014-11-21,0.3612
2014-11-24,0.376
2014-11-25,0.3108
2014-11-26,0.3458
2014-11-27,0.3623
2014-11-28,0.3958
2014-12-01,0.4026
2014-12-02,0.4293
2014-12-03,0.4129
2014-12-04,0.3942
2014-12-05,0.4448
2014-12-08,0.4618
2014-12-09,0.4764
2014-12-10,0.4927
2014-12-11,0.4272
2014-12-12,0.4208
2014-12-15,0.3849
2014-12-16,0.4767
2014-12-17,0.531
2014-12-18,0.508
2014-12-19,0.4751
2014-12-22,0.5034
2014-12-23,0.5215
2014-12-24,0.5153
2014-12-25,0.5167
2014-12-26,0.5601
2014-12-29,0.548
2014-12-30,0.5303
2014-12-31,0.5708
2015-01-05,0.5221
2015-01-06,0.489
2015-01-07,0.5058
2015-01-08,0.4804
2015-01-09,0.5313
2015-01-12,0.5074
2015-01-13,0.4516
2015-01-14,0.4642
2015-01-15,0.5484
2015-01-16,0.5186
2015-01-19,0.4336
2015-01-20,0.4853
2015-01-21,0.46
2015-01-22,0.4151
2015-01-23,0.4522
2015-01-26,0.419
2015-01-27,0.4174
2015-01-28,0.3987
2015-01-29,0.4236
2015-01-30,0.4185
2015-02-02,0.4276
2015-02-03,0.4224
2015-02-04,0.4105
2015-02-05,0.4446
2015-02-06,0.3979
2015-02-09,0.4742
2015-02-10,0.4795
2015-02-11,0.4307
2015-02-12,0.4219
2015-02-13,0.3871
2015-02-16,0.3745
2015-02-17,0.3708
2015-02-25,0.3594
2015-02-26,0.422
2015-02-27,0.3823
2015-03-02,0.3535
2015-03-03,0.3399
2015-03-04,0.3125
2015-03-05,0.3239
2015-03-06,0.315
2015-03-09,0.3858
2015-03-10,0.3261
2015-03-11,0.3175
2015-03-12,0.401
2015-03-13,0.3835
2015-03-16,0.3123
2015-03-17,0.3339
2015-03-18,0.3462
2015-03-19,0.3395
2015-03-20,0.3981
2015-03-23,0.336
2015-03-24,0.3202
2015-03-25,0.3181
2015-03-26,0.3249
2015-03-27,0.3373
2015-03-30,0.3766
2015-03-31,0.3885
2015-04-01,0.3413
2015-04-02,0.3018
2015-04-03,0.3041
2015-04-07,0.3212
2015-04-08,0.3575
2015-04-09,0.3838
2015-04-10,0.3472
2015-04-13,0.3407
2015-04-14,0.3442
2015-04-15,0.372
2015-04-16,0.3944
2015-04-17,0.4014
2015-04-20,0.4405
2015-04-21,0.4118
2015-04-22,0.3902
2015-04-23,0.3739
2015-04-24,0.3808
2015-04-27,0.391
2015-04-28,0.4393
2015-04-29,0.4177
2015-04-30,0.3939
2015-05-04,0.3974
2015-05-05,0.4179
2015-05-06,0.4092
2015-05-07,0.378
2015-05-08,0.3574
2015-05-11,0.3449
2015-05-12,0.3352
2015-05-13,0.321
2015-05-14,0.3205
2015-05-15,0.3254
2015-05-18,0.2881
2015-05-19,0.3078
2015-05-20,0.283
2015-05-21,0.2623
2015-05-22,0.2988
2015-05-25,0.3068
2015-05-26,0.3008
2015-05-27,0.2916
2015-05-28,0.2928
2015-05-29,0.2826
2015-06-01,0.2908
2015-06-02,0.261
2015-06-03,0.2635
2015-06-04,0.2907
2015-06-05,0.2854
2015-06-08,0.3364
2015-06-09,0.3651
2015-06-10,0.2992
2015-06-11,0.2805
2015-06-12,0.2634
2015-06-15,0.2739
2015-06-16,0.283
2015-06-17,0.2877
2015-06-18,0.2899
2015-06-19,0.3008
2015-06-23,0.3104
2015-06-24,0.3201
2015-06-25,0.3338
2015-06-26,0.3723
2015-06-29,0.379
2015-06-30,0.3512
2015-07-01,0.34
2015-07-02,0.367
2015-07-03,0.3535
2015-07-06,0.4042
2015-07-07,0.5728
2015-07-08,0.4718
2015-07-09,0.4419
2015-07-10,0.5301
2015-07-13,0.4198
2015-07-14,0.3477
2015-07-15,0.3153
2015-07-16,0.2942
2015-07-17,0.3044
2015-07-20,0.2868
2015-07-21,0.2899
2015-07-22,0.2758
2015-07-23,0.2673
2015-07-24,0.2668
2015-07-27,0.2767
2015-07-28,0.2929
2015-07-29,0.2971
2015-07-30,0.2955
2015-07-31,0.2913
2015-08-03,0.2774
2015-08-04,0.2554
2015-08-05,0.2596
2015-08-06,0.2678
2015-08-07,0.2604
2015-08-10,0.2675
2015-08-11,0.2724
2015-08-12,0.275
2015-08-13,0.2784
2015-08-14,0.2539
2015-08-17,0.2605
2015-08-18,0.2604
2015-08-19,0.2678
2015-08-20,0.277
2015-08-21,0.275
2015-08-24,0.3498
2015-08-25,0.3313
2015-08-26,0.2911
2015-08-27,0.3159
2015-08-28,0.2942
2015-08-31,0.3318
2015-09-01,0.3745
2015-09-02,0.3616
2015-09-07,0.3119
2015-09-08,0.2939
2015-09-09,0.2867
2015-09-10,0.2905
2015-09-11,0.2881
2015-09-14,0.3113
2015-09-15,0.288
2015-09-16,0.2895
2015-09-17,0.2862
2015-09-18,0.3064
2015-09-21,0.2922
2015-09-22,0.2794
2015-09-23,0.2811
2015-09-24,0.2926
2015-09-25,0.2835
2015-09-28,0.2839
2015-09-29,0.2799
2015-09-30,0.2923
2015-10-08,0.2634
2015-10-09,0.2437
2015-10-12,0.2517
2015-10-13,0.2462
2015-10-14,0.2488
2015-10-15,0.2487
2015-10-16,0.2482
2015-10-19,0.2658
2015-10-20,0.2596
2015-10-21,0.2589
2015-10-22,0.2727
2015-10-23,0.2566
2015-10-26,0.2523
2015-10-27,0.2649
2015-10-28,0.2478
2015-10-29,0.2538
2015-10-30,0.2621
2015-11-02,0.2458
2015-11-03,0.2464
2015-11-04,0.253
2015-11-05,0.3169
2015-11-06,0.2924
2015-11-09,0.2952
2015-11-10,0.2755
2015-11-11,0.2486
2015-11-12,0.2419
2015-11-13,0.2557
2015-11-16,0.255
2015-11-17,0.2662
2015-11-18,0.2772
2015-11-19,0.2659
2015-11-20,0.2443
2015-11-23,0.2444
2015-11-24,0.2353
2015-11-25,0.222
2015-11-26,0.226
2015-11-27,0.2224
2015-11-30,0.2321
2015-12-01,0.2463
2015-12-02,0.294
2015-12-03,0.2844
2015-12-04,0.2493
2015-12-07,0.2452
2015-12-08,0.2417
2015-12-09,0.2703
2015-12-10,0.2813
2015-12-11,0.2748
2015-12-14,0.2883
2015-12-15,0.2793
2015-12-16,0.2522
2015-12-17,0.2364
2015-12-18,0.2516
2015-12-21,0.2677
2015-12-22,0.2588
2015-12-23,0.2767
2015-12-24,0.2612
2015-12-25,0.2532
2015-12-28,0.2276
2015-12-29,0.2391
2015-12-30,0.2438
2015-12-31,0.2399
2016-01-04,0.2308
2016-01-05,0.2302
2016-01-06,0.2493
2016-01-07,0.2807
2016-01-08,0.2492
2016-01-11,0.2507
2016-01-12,0.2527
2016-01-13,0.2604
2016-01-14,0.2524
2016-01-15,0.254
2016-01-18,0.2522
2016-01-19,0.2562
2016-01-20,0.2498
2016-01-21,0.2433
2016-01-22,0.2521
2016-01-25,0.2478
2016-01-26,0.2398
2016-01-27,0.2469
2016-01-28,0.2598
2016-01-29,0.2626
2016-02-01,0.2617
2016-02-02,0.256
2016-02-03,0.261
2016-02-04,0.2438
2016-02-05,0.2595
2016-02-15,0.2704
2016-02-16,0.2566
2016-02-17,0.2479
2016-02-18,0.2423
2016-02-19,0.257
2016-02-22,0.2376
2016-02-23,0.2382
2016-02-24,0.2336
2016-02-25,0.2323
2016-02-26,0.2376
2016-02-29,0.2356
2016-03-01,0.2554
2016-03-02,0.248
2016-03-03,0.2565
2016-03-04,0.282
2016-03-07,0.2593
2016-03-08,0.2497
2016-03-09,0.2602
2016-03-10,0.2601
2016-03-11,0.2691
2016-03-14,0.2439
2016-03-15,0.2715
2016-03-16,0.3017
2016-03-17,0.2601
2016-03-18,0.2458
2016-03-21,0.2699
2016-03-22,0.2758
2016-03-23,0.2846
2016-03-24,0.2743
2016-03-25,0.2756
2016-03-28,0.2442
2016-03-29,0.2634
2016-03-30,0.2704
2016-03-31,0.2557
2016-04-01,0.2591
2016-04-05,0.2359
2016-04-06,0.2341
2016-04-07,0.2417
2016-04-08,0.2527
2016-04-11,0.2404
2016-04-12,0.2411
2016-04-13,0.2356
2016-04-14,0.2283
2016-04-15,0.2183
2016-04-18,0.238
2016-04-19,0.2452
2016-04-20,0.2281
2016-04-21,0.2757
2016-04-22,0.2671
2016-04-25,0.2491
2016-04-26,0.2426
2016-04-27,0.2477
2016-04-28,0.253
2016-04-29,0.2705
2016-05-03,0.2415
2016-05-04,0.2458
2016-05-05,0.2585
2016-05-06,0.2423
2016-05-09,0.2447
2016-05-10,0.2764
2016-05-11,0.269
2016-05-12,0.2844
2016-05-13,0.3043
2016-05-16,0.2957
2016-05-17,0.3148
2016-05-18,0.2909
2016-05-19,0.3321
2016-05-20,0.3391
2016-05-23,0.301
2016-05-24,0.3036
2016-05-25,0.3061
2016-05-26,0.3049
2016-05-27,0.319
2016-05-30,0.299
2016-05-31,0.2684
2016-06-01,0.2871
2016-06-02,0.2718
2016-06-03,0.2864
2016-06-06,0.2784
2016-06-07,0.2821
2016-06-08,0.3
2016-06-13,0.2805
2016-06-14,0.3008
2016-06-15,0.2874
2016-06-16,0.3059
2016-06-17,0.2852
2016-06-20,0.2704
2016-06-21,0.2774
2016-06-22,0.276
2016-06-23,0.2644
2016-06-24,0.2615
2016-06-27,0.2512
2016-06-28,0.241
2016-06-29,0.2572
2016-06-30,0.2626
2016-07-01,0.2534
2016-07-04,0.2419
2016-07-05,0.2465
2016-07-06,0.2664
2016-07-07,0.2651
2016-07-08,0.2686
2016-07-11,0.2634
2016-07-12,0.2493
2016-07-13,0.2535
2016-07-14,0.2493
2016-07-15,0.2519
2016-07-18,0.261
2016-07-19,0.2709
2016-07-20,0.2589
2016-07-21,0.2564
2016-07-22,0.2695
2016-07-25,0.2737
2016-07-26,0.2516
2016-07-27,0.2246
2016-07-28,0.2531
2016-07-29,0.264
2016-08-01,0.2421
2016-08-02,0.2754
2016-08-03,0.2783
2016-08-04,0.2963
2016-08-05,0.3055
2016-08-08,0.2862
2016-08-09,0.285
2016-08-10,0.2926
2016-08-11,0.307
2016-08-12,0.3287
2016-08-15,0.3176
2016-08-16,0.3205
2016-08-17,0.3078
2016-08-18,0.3132
2016-08-19,0.3149
2016-08-22,0.2941
2016-08-23,0.3032
2016-08-24,0.3029
2016-08-25,0.2964
2016-08-26,0.284
2016-08-29,0.2746
2016-08-30,0.2776
2016-08-31,0.3083
2016-09-01,0.2939
2016-09-02,0.2871
2016-09-05,0.2944
2016-09-06,0.2807
2016-09-07,0.255
2016-09-08,0.272
2016-09-09,0.2571
2016-09-12,0.2477
2016-09-13,0.3012
2016-09-14,0.3022
2016-09-19,0.2752
2016-09-20,0.3032
2016-09-21,0.2881
2016-09-22,0.2926
2016-09-23,0.2912
2016-09-26,0.2461
2016-09-27,0.2617
2016-09-28,0.2847
2016-09-29,0.2677
2016-09-30,0.2644
2016-10-10,0.2296
2016-10-11,0.2615
2016-10-12,0.2627
2016-10-13,0.2543
2016-10-14,0.2714
2016-10-17,0.2463
2016-10-18,0.2665
2016-10-19,0.2708
2016-10-20,0.2638
2016-10-21,0.2744
2016-10-24,0.2874
2016-10-25,0.2688
2016-10-26,0.2659
2016-10-27,0.276
2016-10-28,0.287
2016-10-31,0.2787
2016-11-01,0.2798
2016-11-02,0.2944
2016-11-03,0.3201
2016-11-04,0.2948
2016-11-07,0.2882
2016-11-08,0.2819
2016-11-09,0.2887
2016-11-10,0.2869
2016-11-11,0.3042
2016-11-14,0.3049
2016-11-15,0.2841
2016-11-16,0.2637
2016-11-17,0.2745
2016-11-18,0.2881
2016-11-21,0.2914
2016-11-22,0.2772
2016-11-23,0.2781
2016-11-24,0.2877
2016-11-25,0.2799
2016-11-28,0.3355
2016-11-29,0.3418
2016-11-30,0.3336
2016-12-01,0.3567
2016-12-02,0.3289
2016-12-05,0.3735
2016-12-06,0.3492
2016-12-07,0.317
2016-12-08,0.3265
2016-12-09,0.3438
2016-12-12,0.285
2016-12-13,0.3149
2016-12-14,0.3365
2016-12-15,0.3232
2016-12-16,0.3151
2016-12-19,0.3081
2016-12-20,0.3096
2016-12-21,0.313
2016-12-22,0.2989
2016-12-23,0.3038
2016-12-26,0.2892
2016-12-27,0.3093
2016-12-28,0.3126
2016-12-29,0.3047
2016-12-30,0.3056
2017-01-03,0.2804
2017-01-04,0.2706
2017-01-05,0.2838
2017-01-06,0.2815
2017-01-09,0.2857
2017-01-10,0.2957
2017-01-11,0.2906
2017-01-12,0.2847
2017-01-13,0.2725
2017-01-16,0.2657
2017-01-17,0.2765
2017-01-18,0.3281
2017-01-19,0.3231
2017-01-20,0.2969
2017-01-23,0.2946
2017-01-24,0.31
2017-01-25,0.3203
2017-01-26,0.3223
2017-02-03,0.3268
2017-02-06,0.2928
2017-02-07,0.2894
2017-02-08,0.3014
2017-02-09,0.2876
2017-02-10,0.3074
2017-02-13,0.3022
2017-02-14,0.3145
2017-02-15,0.2927
2017-02-16,0.3021
2017-02-17,0.3094
2017-02-20,0.3023
2017-02-21,0.2699
2017-02-22,0.2738
2017-02-23,0.2628
2017-02-24,0.2641
2017-02-27,0.2596
2017-02-28,0.2844
2017-03-01,0.288
2017-03-02,0.291
2017-03-03,0.2899
2017-03-06,0.2552
2017-03-07,0.2676
2017-03-08,0.2722
2017-03-09,0.2814
2017-03-10,0.3003
2017-03-13,0.2908
2017-03-14,0.282
2017-03-15,0.3014
2017-03-16,0.2904
2017-03-17,0.2868
2017-03-20,0.2958
2017-03-21,0.311
2017-03-22,0.2907
2017-03-23,0.2905
2017-03-24,0.3233
2017-03-27,0.306
2017-03-28,0.3084
2017-03-29,0.3084
2017-03-30,0.2889
2017-03-31,0.3187
2017-04-05,0.3271
2017-04-06,0.341
2017-04-07,0.3401
2017-04-10,0.3311
2017-04-11,0.3484
2017-04-12,0.3892
2017-04-13,0.3636
2017-04-14,0.3464
2017-04-17,0.3793
2017-04-18,0.3845
2017-04-19,0.3462
2017-04-20,0.3763
2017-04-21,0.3921
2017-04-24,0.3362
2017-04-25,0.3934
2017-04-26,0.4216
2017-04-27,0.3787
2017-04-28,0.3964
2017-05-02,0.4099
2017-05-03,0.409
2017-05-04,0.4217
2017-05-05,0.3915
2017-05-08,0.3928
2017-05-09,0.3556
2017-05-10,0.3682
2017-05-11,0.3305
2017-05-12,0.4079
2017-05-15,0.4054
2017-05-16,0.3792
2017-05-17,0.3754
2017-05-18,0.3931
2017-05-19,0.3989
2017-05-22,0.3517
2017-05-23,0.3513
2017-05-24,0.3523
2017-05-25,0.4076
2017-05-26,0.4074
2017-05-31,0.3837
2017-06-01,0.3666
2017-06-02,0.3392
2017-06-05,0.3618
2017-06-06,0.3633
2017-06-07,0.3328
2017-06-08,0.3501
2017-06-09,0.3628
2017-06-12,0.3556
2017-06-13,0.3331
2017-06-14,0.3489
2017-06-15,0.306
2017-06-16,0.3465
2017-06-19,0.3377
2017-06-20,0.3445
2017-06-21,0.3679
2017-06-22,0.3695
2017-06-23,0.3557
2017-06-26,0.39
2017-06-27,0.3439
2017-06-28,0.3677
2017-06-29,0.3678
2017-06-30,0.3507
2017-07-03,0.3464
2017-07-04,0.3615
2017-07-05,0.351
2017-07-06,0.3402
2017-07-07,0.3305
2017-07-10,0.3316
2017-07-11,0.365
2017-07-12,0.3625
2017-07-13,0.3933
2017-07-14,0.3719
2017-07-17,0.3566
2017-07-18,0.3835
2017-07-19,0.4159
2017-07-20,0.3981
2017-07-21,0.393
2017-07-24,0.3866
2017-07-25,0.3933
2017-07-26,0.4144
2017-07-27,0.3611
2017-07-28,0.3863
2017-07-31,0.3941
2017-08-01,0.3886
2017-08-02,0.4022
2017-08-03,0.3992
2017-08-04,0.3992
2017-08-07,0.4114
2017-08-08,0.4047
2017-08-09,0.4052
2017-08-10,0.387
2017-08-11,0.3933
2017-08-14,0.3975
2017-08-15,0.3901
2017-08-16,0.3699
2017-08-17,0.3617
2017-08-18,0.3677
2017-08-21,0.3692
2017-08-22,0.392
2017-08-23,0.3825
2017-08-24,0.3581
2017-08-25,0.3946
2017-08-28,0.3995
2017-08-29,0.3629
2017-08-30,0.3787
2017-08-31,0.3762
2017-09-01,0.3828
2017-09-04,0.3503
2017-09-05,0.349
2017-09-06,0.3619
2017-09-07,0.3463
2017-09-08,0.3521
2017-09-11,0.3653
2017-09-12,0.3812
2017-09-13,0.3713
2017-09-14,0.3485
2017-09-15,0.3754
2017-09-18,0.3684
2017-09-19,0.3566
2017-09-20,0.3514
2017-09-21,0.3477
2017-09-22,0.3379
2017-09-25,0.3426
2017-09-26,0.3491
2017-09-27,0.3796
2017-09-28,0.3561
2017-09-29,0.3731
2017-10-09,0.3768
2017-10-10,0.3577
2017-10-11,0.3444
2017-10-12,0.3324
2017-10-13,0.3318
2017-10-16,0.3262
2017-10-17,0.35
2017-10-18,0.3537
2017-10-19,0.3452
2017-10-20,0.3595
2017-10-23,0.3492
2017-10-24,0.3535
2017-10-25,0.3499
2017-10-26,0.3884
2017-10-27,0.3728
2017-10-30,0.3748
2017-10-31,0.4031
2017-11-01,0.3996
2017-11-02,0.3736
2017-11-03,0.3855
2017-11-06,0.4038
2017-11-07,0.4219
2017-11-08,0.4089
2017-11-09,0.4017
2017-11-10,0.41
2017-11-13,0.402
2017-11-14,0.3955
2017-11-15,0.42
2017-11-16,0.424
2017-11-17,0.4118
2017-11-20,0.4432
2017-11-21,0.4862
2017-11-22,0.4865
2017-11-23,0.4712
2017-11-24,0.4758
2017-11-27,0.483
2017-11-28,0.4491
2017-11-29,0.4406
2017-11-30,0.4436
2017-12-01,0.4525
2017-12-04,0.4161
2017-12-05,0.4467
2017-12-06,0.4436
2017-12-07,0.4429
2017-12-08,0.4288
2017-12-11,0.4405
2017-12-12,0.4386
2017-12-13,0.4432
2017-12-14,0.4262
2017-12-15,0.4264
2017-12-18,0.4255
2017-12-19,0.4291
2017-12-20,0.4242
2017-12-21,0.4327
2017-12-22,0.418
2017-12-25,0.4199
2017-12-26,0.408
2017-12-27,0.4202
2017-12-28,0.4295
2017-12-29,0.415
2018-01-02,0.4434
2018-01-03,0.4275
2018-01-04,0.4304
2018-01-05,0.4312
2018-01-08,0.4494
2018-01-09,0.4297
2018-01-10,0.4315
2018-01-11,0.4326
2018-01-12,0.4206
2018-01-15,0.4461
2018-01-16,0.4705
2018-01-17,0.4857
2018-01-18,0.4885
2018-01-19,0.493
2018-01-22,0.4669
2018-01-23,0.5088
2018-01-24,0.4791
2018-01-25,0.4403
2018-01-26,0.4717
2018-01-29,0.4788
2018-01-30,0.4719
2018-01-31,0.4269
2018-02-01,0.4333
2018-02-02,0.452
2018-02-05,0.5324
2018-02-06,0.5068
2018-02-07,0.5225
2018-02-08,0.5273
2018-02-09,0.5099
2018-02-12,0.4704
2018-02-13,0.4769
2018-02-14,0.4734
2018-02-22,0.4813
2018-02-23,0.4624
2018-02-26,0.4426
2018-02-27,0.4334
2018-02-28,0.4237
2018-03-01,0.4138
2018-03-02,0.405
2018-03-05,0.4135
2018-03-06,0.4161
2018-03-07,0.4071
2018-03-08,0.3903
2018-03-09,0.3671
2018-03-12,0.3748
2018-03-13,0.3576
2018-03-14,0.3817
2018-03-15,0.3719
2018-03-16,0.3886
2018-03-19,0.3847
2018-03-20,0.3518
2018-03-21,0.3607
2018-03-22,0.374
2018-03-23,0.3654
2018-03-26,0.3918
2018-03-27,0.3715
2018-03-28,0.3837
2018-03-29,0.3979
2018-03-30,0.3511
2018-04-02,0.3479
2018-04-03,0.3451
2018-04-04,0.3435
2018-04-09,0.343
2018-04-10,0.3474
2018-04-11,0.3426
2018-04-12,0.3293
2018-04-13,0.3386
2018-04-16,0.377
2018-04-17,0.3872
2018-04-18,0.403
2018-04-19,0.4022
2018-04-20,0.3875
2018-04-23,0.3984
2018-04-24,0.4073
2018-04-25,0.3717
2018-04-26,0.3954
2018-04-27,0.4251
2018-05-02,0.378
2018-05-03,0.3679
2018-05-04,0.3596
2018-05-07,0.3547
2018-05-08,0.3621
2018-05-09,0.3333
2018-05-10,0.3338
2018-05-11,0.3515
2018-05-14,0.3909
2018-05-15,0.3643
2018-05-16,0.3525
2018-05-17,0.3552
2018-05-18,0.3503
2018-05-21,0.3436
2018-05-22,0.3382
2018-05-23,0.3487
2018-05-24,0.3481
2018-05-25,0.3315
2018-05-28,0.3387
2018-05-29,0.3602
2018-05-30,0.3435
2018-05-31,0.3951
2018-06-01,0.3652
2018-06-04,0.4145
2018-06-05,0.4009
2018-06-06,0.3826
2018-06-07,0.3881
2018-06-08,0.3733
2018-06-11,0.4023
2018-06-12,0.4033
2018-06-13,0.4099
2018-06-14,0.4108
2018-06-15,0.3701
2018-06-19,0.4204
2018-06-20,0.3853
2018-06-21,0.3945
2018-06-22,0.4027
2018-06-25,0.4307
2018-06-26,0.4194
2018-06-27,0.4304
2018-06-28,0.4183
2018-06-29,0.3782
2018-07-02,0.3933
2018-07-03,0.4232
2018-07-04,0.3948
2018-07-05,0.3984
2018-07-06,0.4058
2018-07-09,0.4049
2018-07-10,0.3893
2018-07-11,0.3757
2018-07-12,0.3942
2018-07-13,0.4013
2018-07-16,0.402
2018-07-17,0.4018
2018-07-18,0.388
2018-07-19,0.3926
2018-07-20,0.4342
2018-07-23,0.4158
2018-07-24,0.4137
2018-07-25,0.3814
2018-07-26,0.3656
2018-07-27,0.3505
2018-07-30,0.3642
2018-07-31,0.3912
2018-08-01,0.3938
2018-08-02,0.382
2018-08-03,0.4143
2018-08-06,0.4078
2018-08-07,0.4092
2018-08-08,0.3897
2018-08-09,0.385
2018-08-10,0.3816
2018-08-13,0.3998
2018-08-14,0.3941
2018-08-15,0.3918
2018-08-16,0.4115
2018-08-17,0.4106
2018-08-20,0.4167
2018-08-21,0.4329
2018-08-22,0.3965
2018-08-23,0.4224
2018-08-24,0.4182
2018-08-27,0.4189
2018-08-28,0.4108
2018-08-29,0.4051
2018-08-30,0.4024
2018-08-31,0.4345
2018-09-03,0.403
2018-09-04,0.4073
2018-09-05,0.4034
2018-09-06,0.4278
2018-09-07,0.4239
2018-09-10,0.4107
2018-09-11,0.4061
2018-09-12,0.4157
2018-09-13,0.4343
2018-09-14,0.4107
2018-09-17,0.3797
2018-09-18,0.4061
2018-09-19,0.4034
2018-09-20,0.388
2018-09-21,0.4262
2018-09-25,0.4173
2018-09-26,0.435
2018-09-27,0.3956
2018-09-28,0.4279
2018-10-08,0.439
2018-10-09,0.4214
2018-10-10,0.4256
2018-10-11,0.3801
2018-10-12,0.3852
2018-10-15,0.4014
2018-10-16,0.3926
2018-10-17,0.4127
2018-10-18,0.4076
2018-10-19,0.4422
2018-10-22,0.4357
2018-10-23,0.4442
2018-10-24,0.4624
2018-10-25,0.4356
2018-10-26,0.4253
2018-10-29,0.4569
2018-10-30,0.4589
2018-10-31,0.4071
2018-11-01,0.4083
2018-11-02,0.4207
2018-11-05,0.3676
2018-11-06,0.3679
2018-11-07,0.3765
2018-11-08,0.3639
2018-11-09,0.3931
2018-11-12,0.351
2018-11-13,0.3226
2018-11-14,0.3191
2018-11-15,0.3053
2018-11-16,0.3335
2018-11-19,0.3403
2018-11-20,0.335
2018-11-21,0.3445
2018-11-22,0.3318
2018-11-23,0.3183
2018-11-26,0.344
2018-11-27,0.3518
2018-11-28,0.3425
2018-11-29,0.3451
2018-11-30,0.3491
2018-12-03,0.3729
2018-12-04,0.3398
2018-12-05,0.3482
2018-12-06,0.3752
2018-12-07,0.3539
2018-12-10,0.3547
2018-12-11,0.3408
2018-12-12,0.3446
2018-12-13,0.3677
2018-12-14,0.3454
2018-12-17,0.3493
2018-12-18,0.3505
2018-12-19,0.3756
2018-12-20,0.3971
2018-12-21,0.4043
2018-12-24,0.3642
2018-12-25,0.3454
2018-12-26,0.363
2018-12-27,0.3702
2018-12-28,0.3854
2019-01-02,0.4061
2019-01-03,0.3854
2019-01-04,0.3892
2019-01-07,0.3632
2019-01-08,0.367
2019-01-09,0.3721
2019-01-10,0.3895
2019-01-11,0.3685
2019-01-14,0.3695
2019-01-15,0.3918
2019-01-16,0.3705
2019-01-17,0.3726
2019-01-18,0.4027
2019-01-21,0.395
2019-01-22,0.369
2019-01-23,0.3611
2019-01-24,0.3817
2019-01-25,0.3888
2019-01-28,0.3888
2019-01-29,0.3565
2019-01-30,0.3857
2019-01-31,0.3829
2019-02-01,0.3989
2019-02-11,0.3939
2019-02-12,0.3744
2019-02-13,0.3761
2019-02-14,0.3804
2019-02-15,0.3952
2019-02-18,0.3613
2019-02-19,0.3498
2019-02-20,0.3591
2019-02-21,0.3582
2019-02-22,0.3851
2019-02-25,0.3647
2019-02-26,0.3758
2019-02-27,0.3777
2019-02-28,0.3633
2019-03-01,0.3968
2019-03-04,0.371
2019-03-05,0.3374
2019-03-06,0.3403
2019-03-07,0.3367
2019-03-08,0.3526
2019-03-11,0.3523
2019-03-12,0.3234
2019-03-13,0.3374
2019-03-14,0.3378
2019-03-15,0.3495
2019-03-18,0.3537
2019-03-19,0.3298
2019-03-20,0.3303
2019-03-21,0.3363
2019-03-22,0.3235
2019-03-25,0.3275
2019-03-26,0.3204
2019-03-27,0.34
2019-03-28,0.3505
2019-03-29,0.3751
2019-04-01,0.3426
2019-04-02,0.3353
2019-04-03,0.3466
2019-04-04,0.3361
2019-04-08,0.3253
2019-04-09,0.3367
2019-04-10,0.3587
2019-04-11,0.334
2019-04-12,0.3399
2019-04-15,0.3501
2019-04-16,0.3616
2019-04-17,0.349
2019-04-18,0.3529
2019-04-19,0.3611
2019-04-22,0.3727
2019-04-23,0.3619
2019-04-24,0.3755
2019-04-25,0.3488
2019-04-26,0.3634
2019-04-29,0.3612
2019-04-30,0.3763
2019-05-06,0.3855
2019-05-07,0.388
2019-05-08,0.3735
2019-05-09,0.3973
2019-05-10,0.3832
2019-05-13,0.3795
2019-05-14,0.3978
2019-05-15,0.3952
2019-05-16,0.3716
2019-05-17,0.3666
2019-05-20,0.3926
2019-05-21,0.3975
2019-05-22,0.4155
2019-05-23,0.4105
2019-05-24,0.406
2019-05-27,0.394
2019-05-28,0.405
2019-05-29,0.4157
2019-05-30,0.3927
2019-05-31,0.39
2019-06-03,0.3863
2019-06-04,0.3992
2019-06-05,0.3999
2019-06-06,0.3813
2019-06-10,0.4122
2019-06-11,0.4011
2019-06-12,0.4177
2019-06-13,0.3939
2019-06-14,0.3696
2019-06-17,0.3883
2019-06-18,0.3922
2019-06-19,0.3986
2019-06-20,0.4153
2019-06-21,0.3728
2019-06-24,0.3901
2019-06-25,0.4115
2019-06-26,0.3789
2019-06-27,0.3929
2019-06-28,0.3662
2019-07-01,0.3955
2019-07-02,0.3799
2019-07-03,0.3952
2019-07-04,0.3839
2019-07-05,0.3835
2019-07-08,0.3714
2019-07-09,0.4078
2019-07-10,0.3895
2019-07-11,0.3974
2019-07-12,0.3973
2019-07-15,0.3894
2019-07-16,0.3853
2019-07-17,0.4066
2019-07-18,0.3989
2019-07-19,0.4079
2019-07-22,0.4252
2019-07-23,0.4262
2019-07-24,0.4137
2019-07-25,0.446
2019-07-26,0.4182
2019-07-29,0.422
2019-07-30,0.4111
2019-07-31,0.4185
2019-08-01,0.4244
2019-08-02,0.438
2019-08-05,0.4432
2019-08-06,0.4247
2019-08-07,0.4335
2019-08-08,0.4551
2019-08-09,0.4378
2019-08-12,0.4541
2019-08-13,0.4403
2019-08-14,0.4389
2019-08-15,0.4162
2019-08-16,0.4269
2019-08-19,0.4117
2019-08-20,0.3804
2019-08-21,0.3923
2019-08-22,0.3914
2019-08-23,0.3981
2019-08-26,0.3992
2019-08-27,0.3931
2019-08-28,0.3781
2019-08-29,0.3926
2019-08-30,0.4027
2019-09-02,0.3847
2019-09-03,0.3976
2019-09-04,0.3903
2019-09-05,0.3812
2019-09-06,0.3997
2019-09-09,0.3817
2019-09-10,0.3767
2019-09-11,0.3881
2019-09-12,0.3779
2019-09-16,0.3618
2019-09-17,0.3567
2019-09-18,0.3828
2019-09-19,0.3778
2019-09-20,0.3844
2019-09-23,0.3874
2019-09-24,0.3996
2019-09-25,0.3876
2019-09-26,0.3842
2019-09-27,0.3921
2019-09-30,0.4018
2019-10-08,0.4095
2019-10-09,0.4087
2019-10-10,0.4122
2019-10-11,0.4066
2019-10-14,0.3888
2019-10-15,0.3666
2019-10-16,0.3896
2019-10-17,0.3833
2019-10-18,0.3728
2019-10-21,0.3772
2019-10-22,0.3862
2019-10-23,0.3896
2019-10-24,0.3945
2019-10-25,0.422
2019-10-28,0.3895
2019-10-29,0.4115
2019-10-30,0.4118
2019-10-31,0.422
2019-11-01,0.4325
2019-11-04,0.4271
2019-11-05,0.4261
2019-11-06,0.4161
2019-11-07,0.3996
2019-11-08,0.4101
2019-11-11,0.3817
2019-11-12,0.4045
2019-11-13,0.4231
2019-11-14,0.4245
2019-11-15,0.4166
2019-11-18,0.4228
2019-11-19,0.3993
2019-11-20,0.408
2019-11-21,0.4064
2019-11-22,0.4272
2019-11-25,0.4126
2019-11-26,0.4265
2019-11-27,0.4279
2019-11-28,0.4148
2019-11-29,0.4481
2019-12-02,0.4244
2019-12-03,0.4212
2019-12-04,0.4313
2019-12-05,0.4319
2019-12-06,0.4198
2019-12-09,0.4207
2019-12-10,0.4181
2019-12-11,0.4138
2019-12-12,0.3994
2019-12-13,0.4309
2019-12-16,0.4097
2019-12-17,0.3977
2019-12-18,0.3894
2019-12-19,0.3806
2019-12-20,0.3738
2019-12-23,0.377
2019-12-24,0.383
2019-12-25,0.3953
2019-12-26,0.3793
2019-12-27,0.387
2019-12-30,0.4004
2019-12-31,0.3743
2020-01-02,0.3943
2020-01-03,0.373
2020-01-06,0.3596
2020-01-07,0.3421
2020-01-08,0.3425
2020-01-09,0.3638
2020-01-10,0.359
2020-01-13,0.3809
2020-01-14,0.3639
2020-01-15,0.3674
2020-01-16,0.3891
2020-01-17,0.3904
2020-01-20,0.3882
2020-01-21,0.3731
2020-01-22,0.4015
2020-01-23,0.4002
2020-02-03,0.5602
2020-02-04,0.392
2020-02-05,0.3981
2020-02-06,0.3911
2020-02-07,0.4005
2020-02-10,0.3891
2020-02-11,0.3943
2020-02-12,0.399
2020-02-13,0.4099
2020-02-14,0.4234
2020-02-17,0.38
2020-02-18,0.3681
2020-02-19,0.3822
2020-02-20,0.3888
2020-02-21,0.3901
2020-02-24,0.3777
2020-02-25,0.3844
2020-02-26,0.3884
2020-02-27,0.3947
2020-02-28,0.3875
2020-03-02,0.4008
2020-03-03,0.3789
2020-03-04,0.384
2020-03-05,0.3744
2020-03-06,0.3539
2020-03-09,0.3583
2020-03-10,0.3736
2020-03-11,0.3646
2020-03-12,0.381
2020-03-13,0.3892
2020-03-16,0.3894
2020-03-17,0.3983
2020-03-18,0.4086
2020-03-19,0.4237
2020-03-20,0.4076
2020-03-23,0.3869
2020-03-24,0.3959
2020-03-25,0.3911
2020-03-26,0.3817
2020-03-27,0.39
2020-03-30,0.3851
2020-03-31,0.3929
2020-04-01,0.4147
2020-04-02,0.4235
2020-04-03,0.4125
2020-04-07,0.3925
2020-04-08,0.3877
2020-04-09,0.371
2020-04-10,0.3686
2020-04-13,0.379
2020-04-14,0.4092
2020-04-15,0.3954
2020-04-16,0.3901
2020-04-17,0.415
2020-04-20,0.3942
2020-04-21,0.3946
2020-04-22,0.3762
2020-04-23,0.3723
2020-04-24,0.3661
2020-04-27,0.3783
2020-04-28,0.3797
2020-04-29,0.3876
2020-04-30,0.4009
2020-05-06,0.408
2020-05-07,0.3898
2020-05-08,0.3974
2020-05-11,0.3971
2020-05-12,0.3898
2020-05-13,0.3888
2020-05-14,0.3909
2020-05-15,0.4134
2020-05-18,0.4246
2020-05-19,0.4131
2020-05-20,0.3997
2020-05-21,0.3888
2020-05-22,0.3819
2020-05-25,0.3849
2020-05-26,0.3773
2020-05-27,0.3727
2020-05-28,0.3777
2020-05-29,0.3738
2020-06-01,0.3725
2020-06-02,0.3905
2020-06-03,0.3977
2020-06-04,0.375
2020-06-05,0.3774
2020-06-08,0.3944
2020-06-09,0.3936
2020-06-10,0.3975
2020-06-11,0.3977
2020-06-12,0.395
2020-06-15,0.3893
2020-06-16,0.3877
2020-06-17,0.3706
2020-06-18,0.4054
2020-06-19,0.4171
2020-06-22,0.4175
2020-06-23,0.4092
2020-06-24,0.4093
2020-06-29,0.4068
2020-06-30,0.4033
2020-07-01,0.4131
2020-07-02,0.4134
2020-07-03,0.4226
2020-07-06,0.3937
2020-07-07,0.3953
2020-07-08,0.396
2020-07-09,0.3709
2020-07-10,0.3799
2020-07-13,0.3789
2020-07-14,0.3688
2020-07-15,0.3809
2020-07-16,0.4184
2020-07-17,0.4116
2020-07-20,0.3995
2020-07-21,0.389
2020-07-22,0.3882
2020-07-23,0.3877
2020-07-24,0.3894
2020-07-27,0.3988
2020-07-28,0.4027
2020-07-29,0.4058
2020-07-30,0.3949
2020-07-31,0.4007
2020-08-03,0.3749
2020-08-04,0.3824
2020-08-05,0.374
2020-08-06,0.395
2020-08-07,0.4042
2020-08-10,0.406
2020-08-11,0.371
2020-08-12,0.3862
2020-08-13,0.3804
2020-08-14,0.3859
2020-08-17,0.4028
2020-08-18,0.3729
2020-08-19,0.3727
2020-08-20,0.3675
2020-08-21,0.3732
2020-08-24,0.3771
2020-08-25,0.357
2020-08-26,0.3552
2020-08-27,0.352
2020-08-28,0.3798
2020-08-31,0.3802
2020-09-01,0.3663
2020-09-02,0.3541
2020-09-03,0.3554
2020-09-04,0.3553
2020-09-07,0.3575
2020-09-08,0.355
2020-09-09,0.3321
2020-09-10,0.323
2020-09-11,0.3653
2020-09-14,0.3676
2020-09-15,0.3753
2020-09-16,0.3802
2020-09-17,0.3916
2020-09-18,0.398
2020-09-21,0.3813
2020-09-22,0.3809
2020-09-23,0.4002
2020-09-24,0.3751
2020-09-25,0.3902
2020-09-28,0.3898
2020-09-29,0.3864
2020-09-30,0.3921
2020-10-09,0.4027
2020-10-12,0.3917
2020-10-13,0.3959
2020-10-14,0.3829
2020-10-15,0.3914
2020-10-16,0.3871
2020-10-19,0.3882
2020-10-20,0.3817
2020-10-21,0.3821
2020-10-22,0.3926
2020-10-23,0.3822
2020-10-26,0.3972
2020-10-27,0.3854
2020-10-28,0.3966
2020-10-29,0.4088
2020-10-30,0.3945
2020-11-02,0.4094
2020-11-03,0.3977
2020-11-04,0.4035
2020-11-05,0.4033
2020-11-06,0.4276
2020-11-09,0.4128
2020-11-10,0.4238
2020-11-11,0.4315
2020-11-12,0.4174
2020-11-13,0.4415
2020-11-16,0.4122
2020-11-17,0.4177
2020-11-18,0.425
2020-11-19,0.3998
2020-11-20,0.3929
2020-11-23,0.4062
2020-11-24,0.4108
2020-11-25,0.3927
2020-11-26,0.4038
2020-11-27,0.4088
2020-11-30,0.4568
2020-12-01,0.4249
2020-12-02,0.4175
2020-12-03,0.411
2020-12-04,0.4304
2020-12-07,0.4243
2020-12-08,0.4252
2020-12-09,0.4118
2020-12-10,0.4142
2020-12-11,0.402
2020-12-14,0.4284
2020-12-15,0.4583
2020-12-16,0.4364
2020-12-17,0.4367
2020-12-18,0.4397
2020-12-21,0.447
2020-12-22,0.4389
2020-12-23,0.4559
2020-12-24,0.4166
2020-12-25,0.427
2020-12-28,0.426
2020-12-29,0.4403
2020-12-30,0.4702
2020-12-31,0.4694
2021-01-04,0.464
2021-01-05,0.4759
2021-01-06,0.4672
2021-01-07,0.4593
2021-01-08,0.4971
2021-01-11,0.5121
2021-01-12,0.5207
2021-01-13,0.5201
2021-01-14,0.5179
2021-01-15,0.5226
2021-01-18,0.4944
2021-01-19,0.4844
2021-01-20,0.486
2021-01-21,0.4889
2021-01-22,0.4934
2021-01-25,0.5187
2021-01-26,0.5049
2021-01-27,0.5039
2021-01-28,0.4985
2021-01-29,0.4966
2021-02-01,0.4821
2021-02-02,0.5018
2021-02-03,0.5118
2021-02-04,0.504
2021-02-05,0.5251
2021-02-08,0.5338
2021-02-09,0.5293
2021-02-10,0.5523
2021-02-18,0.5383
2021-02-19,0.5035
2021-02-22,0.4852
2021-02-23,0.4911
2021-02-24,0.5165
2021-02-25,0.4966
2021-02-26,0.4976
2021-03-01,0.474
2021-03-02,0.4871
2021-03-03,0.4687
2021-03-04,0.483
2021-03-05,0.4624
2021-03-08,0.4672
2021-03-09,0.4689
2021-03-10,0.4745
2021-03-11,0.4936
2021-03-12,0.4727
2021-03-15,0.4839
2021-03-16,0.4527
2021-03-17,0.4545
2021-03-18,0.4416
2021-03-19,0.4474
2021-03-22,0.4255
2021-03-23,0.4161
2021-03-24,0.432
2021-03-25,0.4296
2021-03-26,0.4555
2021-03-29,0.4406
2021-03-30,0.4343
2021-03-31,0.4342
2021-04-01,0.4222
2021-04-02,0.4385
2021-04-06,0.4216
2021-04-07,0.4235
2021-04-08,0.4114
2021-04-09,0.4235
2021-04-12,0.4316
2021-04-13,0.427
2021-04-14,0.4441
2021-04-15,0.4363
2021-04-16,0.4037
2021-04-19,0.4336
2021-04-20,0.435
2021-04-21,0.4405
2021-04-22,0.432
2021-04-23,0.4527
2021-04-26,0.4579
2021-04-27,0.4373
2021-04-28,0.4566
2021-04-29,0.4582
2021-04-30,0.4642
2021-05-06,0.4836
2021-05-07,0.4698
2021-05-10,0.455
2021-05-11,0.4614
2021-05-12,0.4262
2021-05-13,0.4304
2021-05-14,0.4442
2021-05-17,0.449
2021-05-18,0.432
2021-05-19,0.4537
2021-05-20,0.4485
2021-05-21,0.4657
2021-05-24,0.4632
2021-05-25,0.4878
2021-05-26,0.4536
2021-05-27,0.4363
2021-05-28,0.4507
2021-05-31,0.4463
2021-06-01,0.4248
2021-06-02,0.4168
2021-06-03,0.4312
2021-06-04,0.4408
2021-06-07,0.4378
2021-06-08,0.4486
2021-06-09,0.4221
2021-06-10,0.4315
2021-06-11,0.4432
2021-06-15,0.4458
2021-06-16,0.459
2021-06-17,0.4571
2021-06-18,0.4723
2021-06-21,0.4442
2021-06-22,0.4298
2021-06-23,0.452
2021-06-24,0.4439
2021-06-25,0.4643
2021-06-28,0.4495
2021-06-29,0.4507
2021-06-30,0.4461
2021-07-01,0.4445
2021-07-02,0.4659
2021-07-05,0.4696
2021-07-06,0.4799
2021-07-07,0.4767
2021-07-08,0.4683
2021-07-09,0.4689
2021-07-12,0.4682
2021-07-13,0.4531
2021-07-14,0.4611
2021-07-15,0.4601
2021-07-16,0.4674
2021-07-19,0.4546
2021-07-20,0.4394
2021-07-21,0.4693
2021-07-22,0.4625
2021-07-23,0.4492
2021-07-26,0.4664
2021-07-27,0.4837
2021-07-28,0.4625
2021-07-29,0.4754
2021-07-30,0.469
2021-08-02,0.4756
2021-08-03,0.4549
2021-08-04,0.4688
2021-08-05,0.4577
2021-08-06,0.4717
2021-08-09,0.4611
2021-08-10,0.4667
2021-08-11,0.4303
2021-08-12,0.44
2021-08-13,0.4461
2021-08-16,0.433
2021-08-17,0.4219
2021-08-18,0.4481
2021-08-19,0.4664
2021-08-20,0.4777
2021-08-23,0.4492
2021-08-24,0.451
2021-08-25,0.438
2021-08-26,0.4191
2021-08-27,0.4405
2021-08-30,0.4582
2021-08-31,0.447
2021-09-01,0.464
2021-09-02,0.4436
2021-09-03,0.4385
2021-09-06,0.4461
2021-09-07,0.4262
2021-09-08,0.4134
2021-09-09,0.4087
2021-09-10,0.436
2021-09-13,0.439
2021-09-14,0.4339
2021-09-15,0.441
2021-09-16,0.4284
2021-09-17,0.4356
2021-09-22,0.4292
2021-09-23,0.4237
2021-09-24,0.4289
2021-09-27,0.4334
2021-09-28,0.4442
2021-09-29,0.4409
2021-09-30,0.4563
2021-10-08,0.4499
2021-10-11,0.4319
2021-10-12,0.4261
2021-10-13,0.4478
2021-10-14,0.4329
2021-10-15,0.4549
2021-10-18,0.4672
2021-10-19,0.4427
2021-10-20,0.4488
2021-10-21,0.4393
2021-10-22,0.4467
2021-10-25,0.4506
2021-10-26,0.4561
2021-10-27,0.4433
2021-10-28,0.4561
2021-10-29,0.4719
2021-11-01,0.4588
2021-11-02,0.4286
2021-11-03,0.4467
2021-11-04,0.4345
2021-11-05,0.4227
2021-11-08,0.4414
2021-11-09,0.4268
2021-11-10,0.4305
2021-11-11,0.4136
2021-11-12,0.3847
2021-11-15,0.3765
2021-11-16,0.3763
2021-11-17,0.382
2021-11-18,0.3858
2021-11-19,0.3944
2021-11-22,0.4099
2021-11-23,0.3986
2021-11-24,0.4001
2021-11-25,0.3802
2021-11-26,0.3831
2021-11-29,0.3942
2021-11-30,0.3724
2021-12-01,0.3743
2021-12-02,0.3727
2021-12-03,0.4018
2021-12-06,0.3963
2021-12-07,0.4059
2021-12-08,0.4152
2021-12-09,0.4196
2021-12-10,0.4169
2021-12-13,0.4232
2021-12-14,0.3792
2021-12-15,0.3761
2021-12-16,0.3768
2021-12-17,0.3715
2021-12-20,0.3784
2021-12-21,0.353
2021-12-22,0.3478
2021-12-23,0.3714
2021-12-24,0.3819
2021-12-27,0.3729
2021-12-28,0.3889
2021-12-29,0.3831
2021-12-30,0.3653
2021-12-31,0.3725
2022-01-04,0.3604
2022-01-05,0.3711
2022-01-06,0.3753
2022-01-07,0.3576
2022-01-10,0.367
2022-01-11,0.3597
2022-01-12,0.3743
2022-01-13,0.3628
2022-01-14,0.3535
2022-01-17,0.3496
2022-01-18,0.3566
2022-01-19,0.3669
2022-01-20,0.3713
2022-01-21,0.382
2022-01-24,0.3896
2022-01-25,0.3527
2022-01-26,0.3893
2022-01-27,0.3927
2022-01-28,0.4087
2022-02-07,0.3957
2022-02-08,0.4035
2022-02-09,0.386
2022-02-10,0.411
2022-02-11,0.4101
2022-02-14,0.4124
2022-02-15,0.4135
2022-02-16,0.3903
2022-02-17,0.3991
2022-02-18,0.3874
2022-02-21,0.3753
2022-02-22,0.3934
2022-02-23,0.3906
2022-02-24,0.3641
2022-02-25,0.3918
2022-02-28,0.392
2022-03-01,0.4113
2022-03-02,0.3893
2022-03-03,0.3771
2022-03-04,0.3809
2022-03-07,0.3968
2022-03-08,0.3985
2022-03-09,0.3879
2022-03-10,0.4049
2022-03-11,0.4006
2022-03-14,0.4089
2022-03-15,0.401
2022-03-16,0.4216
2022-03-17,0.4254
2022-03-18,0.411
2022-03-21,0.3899
2022-03-22,0.3952
2022-03-23,0.3891
2022-03-24,0.3981
2022-03-25,0.3993
2022-03-28,0.3938
2022-03-29,0.3969
2022-03-30,0.4111
2022-03-31,0.3973
2022-04-01,0.3964
2022-04-06,0.3782
2022-04-07,0.37
2022-04-08,0.3812
2022-04-11,0.3879
2022-04-12,0.3864
2022-04-13,0.3871
2022-04-14,0.4106
2022-04-15,0.4016
2022-04-18,0.3972
2022-04-19,0.3945
2022-04-20,0.3828
2022-04-21,0.3759
2022-04-22,0.3739
2022-04-25,0.3787
2022-04-26,0.3846
2022-04-27,0.4032
2022-04-28,0.4224
2022-04-29,0.4183
2022-05-05,0.4088
2022-05-06,0.3965
2022-05-09,0.3962
2022-05-10,0.3961
2022-05-11,0.4062
2022-05-12,0.4021
2022-05-13,0.3994
2022-05-16,0.3929
2022-05-17,0.4122
2022-05-18,0.3921
2022-05-19,0.3986
2022-05-20,0.4179
2022-05-23,0.4002
2022-05-24,0.3767
2022-05-25,0.3935
2022-05-26,0.3861
2022-05-27,0.391
2022-05-30,0.3849
2022-05-31,0.3879
2022-06-01,0.3707
2022-06-02,0.3718
2022-06-06,0.3977
2022-06-07,0.393
2022-06-08,0.4133
2022-06-09,0.4069
2022-06-10,0.4121
2022-06-13,0.4173
2022-06-14,0.4082
2022-06-15,0.4325
2022-06-16,0.4068
2022-06-17,0.4203
2022-06-20,0.4151
2022-06-21,0.3915
2022-06-22,0.3965
2022-06-23,0.4056
2022-06-24,0.4032
2022-06-27,0.4064
2022-06-28,0.3942
2022-06-29,0.3976
2022-06-30,0.4109
2022-07-01,0.4169
2022-07-04,0.4186
2022-07-05,0.4164
2022-07-08,0.4235
2022-07-11,0.4199
2022-07-12,0.4209
2022-07-13,0.4281
2022-07-14,0.4178
2022-07-15,0.3996
2022-07-18,0.392
2022-07-19,0.3749
2022-07-20,0.3572
2022-07-21,0.3803
2022-07-22,0.3757
2022-07-25,0.3736
2022-07-26,0.3883
2022-07-27,0.3811
2022-07-28,0.3691
2022-07-29,0.3687
2022-08-01,0.3758
2022-08-02,0.3465
2022-08-03,0.3693
2022-08-04,0.3765
2022-08-05,0.3799
2022-08-08,0.3797
2022-08-09,0.3793
2022-08-10,0.3809
2022-08-11,0.3677
2022-08-12,0.3523
2022-08-15,0.3793
2022-08-16,0.3663
2022-08-17,0.3782
2022-08-18,0.3617
2022-08-19,0.3679
2022-08-22,0.3842
2022-08-23,0.378
2022-08-24,0.3539
2022-08-25,0.3729
2022-08-26,0.3789
2022-08-29,0.3634
2022-08-30,0.366
2022-08-31,0.3893
2022-09-01,0.3683
2022-09-02,0.3568
2022-09-05,0.367
2022-09-06,0.3845
2022-09-07,0.3695
2022-09-08,0.3583
2022-09-09,0.393
2022-09-13,0.3792
2022-09-14,0.3635
2022-09-15,0.3729
2022-09-16,0.3767
2022-09-19,0.368
2022-09-20,0.3953
2022-09-21,0.3823
2022-09-22,0.3904
2022-09-23,0.3685
2022-09-26,0.3874
2022-09-27,0.3848
2022-09-28,0.3719
2022-09-29,0.3768
2022-09-30,0.39
2022-10-10,0.4016
2022-10-11,0.4019
2022-10-12,0.4001
2022-10-13,0.378
2022-10-14,0.3968
2022-10-17,0.376
2022-10-18,0.3569
2022-10-19,0.3776
2022-10-20,0.3698
2022-10-21,0.366
2022-10-24,0.3796
2022-10-25,0.3694
2022-10-26,0.3611
2022-10-27,0.3838
2022-10-28,0.3593
2022-10-31,0.3704
2022-11-01,0.3953
2022-11-02,0.3816
2022-11-03,0.3772
2022-11-04,0.3894
2022-11-07,0.3724
2022-11-08,0.3676
2022-11-09,0.3572
2022-11-10,0.3473
2022-11-11,0.3813
2022-11-14,0.3858
2022-11-15,0.3727
2022-11-16,0.3595
2022-11-17,0.3701
2022-11-18,0.357
2022-11-21,0.3554
2022-11-22,0.3517
2022-11-23,0.3518
2022-11-24,0.3678
2022-11-25,0.3723
2022-11-28,0.37
2022-11-29,0.391
2022-11-30,0.3842
2022-12-01,0.3867
2022-12-02,0.356
2022-12-05,0.3673
2022-12-06,0.3826
2022-12-07,0.3812
2022-12-08,0.3595
2022-12-09,0.3751
2022-12-12,0.3558
2022-12-13,0.3593
2022-12-14,0.3804
2022-12-15,0.3794
2022-12-16,0.3627
2022-12-19,0.3777
2022-12-20,0.4073
2022-12-21,0.3857
2022-12-22,0.3947
2022-12-23,0.3983
2022-12-26,0.3939
2022-12-27,0.39
2022-12-28,0.4005
2022-12-29,0.389
2022-12-30,0.3879
2023-01-03,0.3629
2023-01-04,0.3746
2023-01-05,0.4095
2023-01-06,0.392
2023-01-09,0.3993
2023-01-10,0.4101
2023-01-11,0.3986
2023-01-12,0.4048
2023-01-13,0.4105
2023-01-16,0.4207
2023-01-17,0.3978
2023-01-18,0.3814
2023-01-19,0.3872
2023-01-20,0.3975
2023-01-30,0.3874
2023-01-31,0.3741
2023-02-01,0.3577
2023-02-02,0.3507
2023-02-03,0.3491
2023-02-06,0.3641
2023-02-07,0.3426
2023-02-08,0.3449
2023-02-09,0.3495
2023-02-10,0.3421
2023-02-13,0.3471
2023-02-14,0.3464
2023-02-15,0.3544
2023-02-16,0.3424
2023-02-17,0.3686
2023-02-20,0.3822
2023-02-21,0.3764
2023-02-22,0.3723
2023-02-23,0.3699
2023-02-24,0.3875
2023-02-27,0.3638
2023-02-28,0.3722
2023-03-01,0.4004
2023-03-02,0.38
2023-03-03,0.3857
2023-03-06,0.3909
2023-03-07,0.3824
2023-03-08,0.3878
2023-03-09,0.3868
2023-03-10,0.3799
2023-03-13,0.3927
2023-03-14,0.402
2023-03-15,0.3903
2023-03-16,0.4033
2023-03-17,0.4193
2023-03-20,0.4191
2023-03-21,0.4003
2023-03-22,0.4076
2023-03-23,0.4343
2023-03-24,0.4237
2023-03-27,0.4326
2023-03-28,0.4182
2023-03-29,0.4335
2023-03-30,0.4399
2023-03-31,0.4392
2023-04-03,0.4514
2023-04-04,0.4533
2023-04-06,0.4607
2023-04-07,0.4351
2023-04-10,0.4365
2023-04-11,0.4463
2023-04-12,0.4363
2023-04-13,0.417
2023-04-14,0.4187
2023-04-17,0.4023
2023-04-18,0.4303
2023-04-19,0.4336
2023-04-20,0.4416
2023-04-21,0.4242
2023-04-24,0.4349
2023-04-25,0.4241
2023-04-26,0.4435
2023-04-27,0.4327
2023-04-28,0.4201
2023-05-04,0.4134
2023-05-05,0.4289
2023-05-08,0.4423
2023-05-09,0.4517
2023-05-10,0.4569
2023-05-11,0.4275
2023-05-12,0.4162
2023-05-15,0.4298
2023-05-16,0.4191
2023-05-17,0.4082
2023-05-18,0.4208
2023-05-19,0.4132
2023-05-22,0.3838
2023-05-23,0.3831
2023-05-24,0.4092
2023-05-25,0.4115
2023-05-26,0.4189
2023-05-29,0.4219
2023-05-30,0.4348
2023-05-31,0.4342
2023-06-01,0.4227
2023-06-02,0.4053
2023-06-05,0.4019
2023-06-06,0.3984
2023-06-07,0.4126
2023-06-08,0.4033
2023-06-09,0.4177
2023-06-12,0.3991
2023-06-13,0.4312
2023-06-14,0.435
2023-06-15,0.4286
2023-06-16,0.4274
2023-06-19,0.4317
2023-06-20,0.4508
2023-06-21,0.4343
2023-06-26,0.4162
2023-06-27,0.3953
2023-06-28,0.408
2023-06-29,0.4005
2023-06-30,0.3842
2023-07-03,0.3911
2023-07-04,0.3907
2023-07-05,0.3829
2023-07-06,0.4009
2023-07-07,0.3975
2023-07-10,0.3807
2023-07-11,0.3872
2023-07-12,0.399
2023-07-13,0.3971
2023-07-14,0.4094
2023-07-17,0.3897
2023-07-18,0.3818
2023-07-19,0.378
2023-07-20,0.385
2023-07-21,0.3762
2023-07-24,0.3789
2023-07-25,0.4157
2023-07-26,0.3813
2023-07-27,0.3699
2023-07-28,0.4232
2023-07-31,0.415
2023-08-01,0.403
2023-08-02,0.3993
2023-08-03,0.4229
2023-08-04,0.4617
2023-08-07,0.4225
2023-08-08,0.4137
2023-08-09,0.3998
2023-08-10,0.4201
2023-08-11,0.3988
2023-08-14,0.4007
2023-08-15,0.4008
2023-08-16,0.4152
2023-08-17,0.3922
2023-08-18,0.3746
2023-08-21,0.3871
2023-08-22,0.3926
2023-08-23,0.3975
2023-08-24,0.4069
2023-08-25,0.3747
2023-08-28,0.4027
2023-08-29,0.3721
2023-08-30,0.3728
2023-08-31,0.3686
2023-09-01,0.372
2023-09-04,0.373
2023-09-05,0.3784
2023-09-06,0.37
2023-09-07,0.3731
2023-09-08,0.3837
2023-09-11,0.3806
2023-09-12,0.3913
2023-09-13,0.3676
2023-09-14,0.3917
2023-09-15,0.3817
2023-09-18,0.3733
2023-09-19,0.372
2023-09-20,0.3784
2023-09-21,0.3939
2023-09-22,0.4225
2023-09-25,0.4066
2023-09-26,0.429
2023-09-27,0.4007
2023-09-28,0.396
2023-10-09,0.3872
2023-10-10,0.4047
2023-10-11,0.4058
2023-10-12,0.4228
2023-10-13,0.4155
2023-10-16,0.4062
2023-10-17,0.4121
2023-10-18,0.438
2023-10-19,0.4524
2023-10-20,0.4291
2023-10-23,0.4042
2023-10-24,0.4204
2023-10-25,0.4142
2023-10-26,0.4174
2023-10-27,0.3802
2023-10-30,0.3764
2023-10-31,0.3869
2023-11-01,0.3917
2023-11-02,0.3875
2023-11-03,0.3723
2023-11-06,0.377
2023-11-07,0.3984
2023-11-08,0.3946
2023-11-09,0.4094
2023-11-10,0.4061
2023-11-13,0.3752
2023-11-14,0.3826
2023-11-15,0.3776
2023-11-16,0.3772
2023-11-17,0.3745
2023-11-20,0.3476
2023-11-21,0.3517
2023-11-22,0.3618
2023-11-23,0.3654
2023-11-24,0.3529
2023-11-27,0.3446
2023-11-28,0.3485
2023-11-29,0.3533
2023-11-30,0.3521
2023-12-01,0.3757
2023-12-04,0.3705
2023-12-05,0.3617
2023-12-06,0.3748
2023-12-07,0.3755
2023-12-08,0.3792
2023-12-11,0.363
2023-12-12,0.3756
2023-12-13,0.3621
2023-12-14,0.3621
2023-12-15,0.3678
2023-12-18,0.3489
2023-12-19,0.3636
2023-12-20,0.3611
2023-12-21,0.3622
2023-12-22,0.3627
2023-12-25,0.3543
2023-12-26,0.3591
2023-12-27,0.3774
2023-12-28,0.3736
2023-12-29,0.3546
2024-01-02,0.3437
2024-01-03,0.3419
2024-01-04,0.3618
2024-01-05,0.3387
2024-01-08,0.343
2024-01-09,0.3527
2024-01-10,0.3611
2024-01-11,0.3667
2024-01-12,0.348
2024-01-15,0.3411
2024-01-16,0.3506
2024-01-17,0.3662
2024-01-18,0.3695
2024-01-19,0.3937
2024-01-22,0.3538
2024-01-23,0.3739
2024-01-24,0.3711
2024-01-25,0.3783
2024-01-26,0.3754
2024-01-29,0.3844
2024-01-30,0.3695
2024-01-31,0.3452
2024-02-01,0.3594
2024-02-02,0.3454
2024-02-05,0.3526
2024-02-06,0.3434
2024-02-07,0.331
2024-02-08,0.3087
2024-02-19,0.3421
2024-02-20,0.3823
2024-02-21,0.3751
2024-02-22,0.3786
2024-02-23,0.3658
2024-02-26,0.3412
2024-02-27,0.3724
2024-02-28,0.3418
2024-02-29,0.3694
2024-03-01,0.3944
2024-03-04,0.4047
2024-03-05,0.4257
2024-03-06,0.3984
2024-03-07,0.3811
2024-03-08,0.401
2024-03-11,0.4059
2024-03-12,0.4025
2024-03-13,0.3901
2024-03-14,0.3929
2024-03-15,0.3948
2024-03-18,0.3852
2024-03-19,0.3838
2024-03-20,0.3761
2024-03-21,0.3704
2024-03-22,0.3756
2024-03-25,0.3762
2024-03-26,0.3923
2024-03-27,0.3724
2024-03-28,0.3872
2024-03-29,0.3753
2024-04-01,0.3717
2024-04-02,0.3611
2024-04-03,0.3662
2024-04-08,0.3717
2024-04-09,0.3683
2024-04-10,0.3575
2024-04-11,0.374
2024-04-12,0.3782
2024-04-15,0.3446
2024-04-16,0.3486
2024-04-17,0.3557
2024-04-18,0.3848
2024-04-19,0.3896
2024-04-22,0.3834
2024-04-23,0.3808
2024-04-24,0.3786
2024-04-25,0.3678
2024-04-26,0.3927
2024-04-29,0.3772
2024-04-30,0.3634
2024-05-06,0.3705
2024-05-07,0.3608
2024-05-08,0.3386
2024-05-09,0.3479
2024-05-10,0.3487
2024-05-13,0.3516
2024-05-14,0.3598
2024-05-15,0.3701
2024-05-16,0.3868
2024-05-17,0.3888
2024-05-20,0.3797
2024-05-21,0.3723
2024-05-22,0.3799
2024-05-23,0.3598
2024-05-24,0.3724
2024-05-27,0.3646
2024-05-28,0.3748
2024-05-29,0.3789
2024-05-30,0.3827
2024-05-31,0.3609
2024-06-03,0.3653
2024-06-04,0.3627
2024-06-05,0.3687
2024-06-06,0.3595
2024-06-07,0.4013
2024-06-11,0.4138
2024-06-12,0.4041
2024-06-13,0.4002
2024-06-14,0.4334
2024-06-17,0.4141
2024-06-18,0.4047
2024-06-19,0.4018
2024-06-20,0.3718
2024-06-21,0.4035
2024-06-24,0.3779
2024-06-25,0.4027
2024-06-26,0.3736
2024-06-27,0.3903
2024-06-28,0.3984
2024-07-01,0.391
2024-07-02,0.3899
2024-07-03,0.3901
2024-07-04,0.3736
2024-07-05,0.4151
2024-07-08,0.4023
2024-07-09,0.412
2024-07-10,0.423
2024-07-11,0.4082
2024-07-12,0.4272
2024-07-15,0.4187
2024-07-16,0.4612
2024-07-17,0.4461
2024-07-18,0.4347
2024-07-19,0.4496
2024-07-22,0.4404
2024-07-23,0.4169
2024-07-24,0.412
2024-07-25,0.4336
2024-07-26,0.4266
2024-07-29,0.4155
2024-07-30,0.4155
2024-07-31,0.3982
2024-08-01,0.3919
2024-08-02,0.4065
2024-08-05,0.4057
2024-08-06,0.4071
2024-08-07,0.4018
2024-08-08,0.3887
2024-08-09,0.3976
2024-08-12,0.3695
2024-08-13,0.3929
2024-08-14,0.3876
2024-08-15,0.3784
2024-08-16,0.3829
2024-08-19,0.3934
2024-08-20,0.3849
2024-08-21,0.4063
2024-08-22,0.4075
2024-08-23,0.4045
2024-08-26,0.406
2024-08-27,0.3962
2024-08-28,0.4
2024-08-29,0.4051
2024-08-30,0.4021
2024-09-02,0.3882
2024-09-03,0.3902
2024-09-04,0.3998
2024-09-05,0.3892
2024-09-06,0.3971
2024-09-09,0.4169
2024-09-10,0.3868
2024-09-11,0.4266
2024-09-12,0.4106
2024-09-13,0.4212
2024-09-18,0.3906
2024-09-19,0.3978
2024-09-20,0.4175
2024-09-24,0.4121
2024-09-25,0.3966
2024-09-26,0.4128
2024-09-27,0.4043
2024-09-30,0.3643
2024-10-08,0.3568
2024-10-09,0.4285
2024-10-10,0.4356
2024-10-11,0.4198
2024-10-14,0.4346
2024-10-15,0.4404
2024-10-16,0.4425
2024-10-17,0.4388
2024-10-18,0.4366
2024-10-21,0.4157
2024-10-22,0.4069
2024-10-23,0.4087
2024-10-24,0.4212
2024-10-25,0.3897
2024-10-28,0.3652
2024-10-29,0.3803
2024-10-30,0.3997
2024-10-31,0.4161
2024-11-01,0.4148
2024-11-04,0.4291
2024-11-05,0.4157
2024-11-06,0.4119
2024-11-07,0.411
2024-11-08,0.4018
2024-11-11,0.4018
2024-11-12,0.3945
2024-11-13,0.4128
2024-11-14,0.4049
2024-11-15,0.4146
2024-11-18,0.3925
2024-11-19,0.4078
2024-11-20,0.3818
2024-11-21,0.397
2024-11-22,0.3794
2024-11-25,0.3935
2024-11-26,0.3773
2024-11-27,0.3809
2024-11-28,0.3769
2024-11-29,0.3833
2024-12-02,0.357
2024-12-03,0.3635
2024-12-04,0.3741
2024-12-05,0.3716
2024-12-06,0.3705
2024-12-09,0.3567
2024-12-10,0.3636
2024-12-11,0.3546
2024-12-12,0.3412
2024-12-13,0.357
2024-12-16,0.3586
2024-12-17,0.3613
2024-12-18,0.3864
2024-12-19,0.3993
2024-12-20,0.3936
2024-12-23,0.3748
2024-12-24,0.3894
2024-12-25,0.3872
2024-12-26,0.4085
2024-12-27,0.4039
2024-12-30,0.396
2024-12-31,0.3895
2025-01-02,0.3856
2025-01-03,0.363
2025-01-06,0.3722
2025-01-07,0.3994
2025-01-08,0.3906
2025-01-09,0.4121
2025-01-10,0.4088
2025-01-13,0.4064
2025-01-14,0.3989
2025-01-15,0.4118
2025-01-16,0.4192
2025-01-17,0.4052
2025-01-20,0.3947
2025-01-21,0.424
2025-01-22,0.4389
2025-01-23,0.419
2025-01-24,0.411
2025-01-27,0.4117
2025-02-05,0.4374
2025-02-06,0.4273
2025-02-07,0.4261
2025-02-10,0.4137
2025-02-11,0.4169
2025-02-12,0.4206
2025-02-13,0.4303
2025-02-14,0.4303
2025-02-17,0.423
2025-02-18,0.406
2025-02-19,0.4248
2025-02-20,0.4026
2025-02-21,0.4259
2025-02-24,0.4106
2025-02-25,0.4144
2025-02-26,0.3935
2025-02-27,0.3912
2025-02-28,0.3794
2025-03-03,0.3702
2025-03-04,0.3757
2025-03-05,0.3767
2025-03-06,0.3824
2025-03-07,0.3795
2025-03-10,0.3607
2025-03-11,0.3623
2025-03-12,0.3576
2025-03-13,0.3473
2025-03-14,0.3711
2025-03-17,0.3478
2025-03-18,0.3533
2025-03-19,0.3549
2025-03-20,0.3467
2025-03-21,0.3377
2025-03-24,0.3168
2025-03-25,0.3392
2025-03-26,0.3408
2025-03-27,0.3311
2025-03-28,0.3226
2025-03-31,0.3369
2025-04-01,0.3305
2025-04-02,0.338
2025-04-03,0.3483
2025-04-07,0.3787
2025-04-08,0.3497
2025-04-09,0.3534
2025-04-10,0.3531
2025-04-11,0.3609
2025-04-14,0.3488
2025-04-15,0.3386
2025-04-16,0.3465
2025-04-17,0.3442
2025-04-18,0.3359
2025-04-21,0.3374
2025-04-22,0.3373
2025-04-23,0.3523
2025-04-24,0.3277
2025-04-25,0.339
2025-04-28,0.3222
2025-04-29,0.3265
2025-04-30,0.3365
2025-05-06,0.3297
2025-05-07,0.3325
2025-05-08,0.3399
2025-05-09,0.3363
2025-05-12,0.358
2025-05-13,0.3389
2025-05-14,0.361
2025-05-15,0.3433
2025-05-16,0.3328
2025-05-19,0.3121
2025-05-20,0.3172
2025-05-21,0.3295
2025-05-22,0.3116
2025-05-23,0.3214
2025-05-26,0.3426
2025-05-27,0.3322
2025-05-28,0.3391
2025-05-29,0.3187
2025-05-30,0.3259
2025-06-03,0.3309
2025-06-04,0.3239
2025-06-05,0.3358
2025-06-06,0.3292
2025-06-09,0.3317
2025-06-10,0.3125
2025-06-11,0.3449
2025-06-12,0.3396
2025-06-13,0.3212
2025-06-16,0.3511
2025-06-17,0.3486
2025-06-18,0.3606
2025-06-19,0.3326
2025-06-20,0.3397
2025-06-23,0.3486
2025-06-24,0.3404
2025-06-25,0.3643
2025-06-26,0.3679
2025-06-27,0.3787
2025-06-30,0.348
2025-07-01,0.3391
2025-07-02,0.324
2025-07-03,0.3415
2025-07-04,0.3521
2025-07-07,0.3503
2025-07-08,0.343
2025-07-09,0.3395
2025-07-10,0.3672
2025-07-11,0.3795
2025-07-14,0.3448
2025-07-15,0.3476
2025-07-16,0.3578
2025-07-17,0.3586
2025-07-18,0.3634
2025-07-21,0.3334
2025-07-22,0.3355
2025-07-23,0.3504
2025-07-24,0.3593
2025-07-25,0.3563
2025-07-28,0.3565
2025-07-29,0.3604
2025-07-30,0.3521
2025-07-31,0.3663
2025-08-01,0.3625
2025-08-04,0.3392
2025-08-05,0.3343
2025-08-06,0.3231
2025-08-07,0.3412
2025-08-08,0.3345
2025-08-11,0.333
2025-08-12,0.3559
2025-08-13,0.3628
2025-08-14,0.3681
2025-08-15,0.3806
2025-08-20,0.3684
2025-08-21,0.3681
2025-08-22,0.394
2025-08-25,0.3824
2025-08-26,0.3799
2025-08-27,0.3861
2025-08-28,0.3935
2025-08-29,0.4194
2025-09-01,0.4113
2025-09-02,0.4117
2025-09-03,0.4261
2025-09-04,0.4332
2025-09-05,0.4306
2025-09-08,0.4128
2025-09-09,0.4081
2025-09-10,0.4317
2025-09-11,0.4346
2025-09-12,0.428
2025-09-15,0.4259
2025-09-16,0.4169
2025-09-17,0.4187
2025-09-18,0.4222
2025-09-19,0.4282
2025-09-22,0.4392
2025-09-23,0.4382
2025-09-24,0.4524
2025-09-25,0.4593
2025-09-26,0.4432
2025-09-29,0.4568
2025-09-30,0.458
2025-10-09,0.4616
2025-10-10,0.4595
2025-10-13,0.4453
2025-10-14,0.4541
2025-10-15,0.4429
2025-10-16,0.4351
2025-10-17,0.4222
2025-10-20,0.4369
2025-10-21,0.4458
2025-10-22,0.4242
2025-10-23,0.4003
2025-10-24,0.4397
2025-10-27,0.4532
2025-10-28,0.4462
2025-10-29,0.4496
2025-10-30,0.4495
2025-10-31,0.4332
2025-11-03,0.4095
2025-11-04,0.4088
2025-11-05,0.4086
2025-11-06,0.4283
2025-11-07,0.4164
2025-11-10,0.4239
2025-11-11,0.4055
2025-11-12,0.4078
2025-11-13,0.4148
2025-11-14,0.3927
2025-11-17,0.3952
2025-11-18,0.4148
2025-11-19,0.4069
2025-11-20,0.4233
2025-11-21,0.394
2025-11-24,0.4202
2025-11-25,0.4244
2025-11-26,0.4437
2025-11-27,0.4453
2025-11-28,0.4198
2025-12-01,0.418
2025-12-02,0.4201
2025-12-03,0.4233
2025-12-04,0.4232
2025-12-05,0.4332
2025-12-08,0.4478
2025-12-09,0.456
2025-12-10,0.4388
2025-12-11,0.4444
2025-12-12,0.4486
2025-12-15,0.4358
2025-12-16,0.4212
2025-12-17,0.4422
2025-12-18,0.4392
2025-12-19,0.4148
2025-12-22,0.4341
2025-12-23,0.4476
2025-12-24,0.4387
2025-12-25,0.4294
2025-12-26,0.438
2025-12-29,0.438
2025-12-30,0.4493
2025-12-31,0.455
2026-01-05,0.4457
2026-01-06,0.4385
2026-01-07,0.4416
2026-01-08,0.4321
2026-01-09,0.4259
2026-01-12,0.4029
2026-01-13,0.4136
2026-01-14,0.4118
2026-01-15,0.4207
2026-01-16,0.4229
2026-01-19,0.4103
2026-01-20,0.4104
2026-01-21,0.4183
2026-01-22,0.4282
2026-01-23,0.4116
2026-01-26,0.4011
2026-01-27,0.418
2026-01-28,0.4404
2026-01-29,0.4418
2026-01-30,0.4273
2026-02-02,0.4347
2026-02-03,0.4633
2026-02-04,0.4486
2026-02-05,0.4283
2026-02-06,0.4245
2026-02-09,0.4316
2026-02-10,0.4298
2026-02-11,0.4367
2026-02-12,0.4369
2026-02-13,0.4327
2026-02-24,0.4217
2026-02-25,0.4256
2026-02-26,0.432
2026-02-27,0.4332
2026-03-02,0.414
2026-03-03,0.4078
2026-03-04,0.4207
2026-03-05,0.4345
2026-03-06,0.4142
2026-03-09,0.4197
2026-03-10,0.4287
2026-03-11,0.4321
2026-03-12,0.4242
2026-03-13,0.419
2026-03-16,0.4255
2026-03-17,0.4211
2026-03-18,0.4354
2026-03-19,0.4273
2026-03-20,0.4479
2026-03-23,0.4028
2026-03-24,0.4215
2026-03-25,0.444
2026-03-26,0.4389
2026-03-27,0.4281
2026-03-30,0.4172
2026-03-31,0.4306
2026-04-01,0.4309
2026-04-02,0.4163
2026-04-03,0.4268
2026-04-07,0.4354
2026-04-08,0.4357
2026-04-09,0.4492
2026-04-10,0.4674
2026-04-13,0.4594
2026-04-14,0.4648
2026-04-15,0.4559
2026-04-16,0.4497
2026-04-17,0.4521
2026-04-20,0.4525
2026-04-21,0.4517
2026-04-22,0.4613
2026-04-23,0.4638
2026-04-24,0.4789
2026-04-27,0.459
2026-04-28,0.4367
2026-04-29,0.4477
2026-04-30,0.4521
2026-05-06,0.4566
2026-05-07,0.4549
2026-05-08,0.445
2026-05-11,0.4485
2026-05-12,0.4519
2026-05-13,0.4563
2026-05-14,0.458
2026-05-15,0.4591
2026-05-18,0.4466
2026-05-19,0.4503
2026-05-20,0.454
2026-05-21,0.4502
2026-05-22,0.4653
2026-05-25,0.4769
2026-05-26,0.4855
2026-05-27,0.4941
2026-05-28,0.4882
2026-05-29,0.4841
2026-06-01,0.484
2026-06-02,0.4912
2026-06-03,0.5165
2026-06-04,0.4932
2026-06-05,0.5004
2026-06-08,0.475
2026-06-09,0.4962
2026-06-10,0.4855
2026-06-11,0.4904
2026-06-12,0.496
2026-06-15,0.4878
2026-06-16,0.4976
2026-06-17,0.5112
2026-06-18,0.519
2026-06-22,0.5078
2026-06-23,0.5186
2026-06-24,0.5174
2026-06-25,0.5317
2026-06-26,0.5369
2026-06-29,0.5287
2026-06-30,0.5233
2026-07-01,0.5149
2026-07-02,0.5052
2026-07-03,0.4998
2026-07-06,0.4939
2026-07-07,0.5009
2026-07-08,0.5158
2026-07-09,0.5422
2026-07-10,0.535
2026-07-13,0.5136
2026-07-14,0.541
2026-07-15,0.5163
2026-07-16,
2026-07-17,
2026-07-20,
2026-07-21,
2026-07-22,
2026-07-23,
2026-07-24,
2026-07-27,
2026-07-28,
2026-07-29,
2026-07-30,
2026-07-31,
2026-08-03,
2026-08-04,
2026-08-05,
2026-08-06,
2026-08-07,
2026-08-10,
2026-08-11,
2026-08-12,
2026-08-13,
2026-08-14,
2026-08-17,
2026-08-18,
2026-08-19,
2026-08-20,
2026-08-21,
2026-08-24,
2026-08-25,
2026-08-26,
2026-08-27,
2026-08-28,
2026-08-31,
2026-09-01,
2026-09-02,
2026-09-03,
2026-09-04,
2026-09-07,
2026-09-08,
2026-09-09,
2026-09-10,
2026-09-11,
2026-09-14,
2026-09-15,
2026-09-16,
2026-09-17,
2026-09-18,
2026-09-21,
2026-09-22,
2026-09-23,
