date,code,shares,source
2025-09-12,510050,58164966800.0,sse
2025-09-12,510300,90433387700.0,sse
2025-09-12,510310,67130744000.0,sse
2025-09-12,510330,47479749800.00001,sse
2025-09-12,510500,18838568600.0,sse
2025-09-12,512100,25015217600.0,sse
2025-09-12,588000,52580668200.0,sse
2025-09-12,588080,51106628099.99999,sse
2025-09-15,510050,58092066800.0,sse
2025-09-15,510300,90238087700.0,sse
2025-09-15,510310,67060544000.0,sse
2025-09-15,510330,47461749800.00001,sse
2025-09-15,510500,18590168600.0,sse
2025-09-15,512100,24767217600.0,sse
2025-09-15,588000,52441168200.0,sse
2025-09-15,588080,50977628099.99999,sse
2025-09-16,510050,58240566800.0,sse
2025-09-16,510300,90213787700.0,sse
2025-09-16,510310,67058744000.0,sse
2025-09-16,510330,47457249800.00001,sse
2025-09-16,510500,18594568600.0,sse
2025-09-16,512100,24835217600.0,sse
2025-09-16,588000,51586168200.0,sse
2025-09-16,588080,50749628099.99999,sse
2025-09-17,510050,58310766800.0,sse
2025-09-17,510300,90285787700.0,sse
2025-09-17,510310,67052444000.0,sse
2025-09-17,510330,47455449800.00001,sse
2025-09-17,510500,18582968600.0,sse
2025-09-17,512100,24969217600.0,sse
2025-09-17,588000,51041668200.0,sse
2025-09-17,588080,50593628099.99999,sse
2025-09-18,510050,57876066800.0,sse
2025-09-18,510300,90106687700.0,sse
2025-09-18,510310,66971444000.0,sse
2025-09-18,510330,47415849800.00001,sse
2025-09-18,510500,18518168600.0,sse
2025-09-18,512100,24723217600.0,sse
2025-09-18,588000,50605168200.0,sse
2025-09-18,588080,50332628099.99999,sse
2025-09-19,510050,57982266800.0,sse
2025-09-19,510300,90081487700.0,sse
2025-09-19,510310,66966944000.0,sse
2025-09-19,510330,47412249800.00001,sse
2025-09-19,510500,18618168600.0,sse
2025-09-19,512100,24707217600.0,sse
2025-09-19,588000,49583668200.0,sse
2025-09-19,588080,50371628099.99999,sse
2025-09-22,510050,58058766800.0,sse
2025-09-22,510300,89951887700.0,sse
2025-09-22,510310,66839144000.0,sse
2025-09-22,510330,47375349800.00001,sse
2025-09-22,510500,18476568600.0,sse
2025-09-22,512100,24623217600.0,sse
2025-09-22,588000,48449668200.0,sse
2025-09-22,588080,50059628099.99999,sse
2025-09-23,510050,57964266800.0,sse
2025-09-23,510300,89662987700.0,sse
2025-09-23,510310,66757244000.0,sse
2025-09-23,510330,47357349800.00001,sse
2025-09-23,510500,18415368600.0,sse
2025-09-23,512100,24657217600.0,sse
2025-09-23,588000,48350668200.0,sse
2025-09-23,588080,50053628099.99999,sse
2025-09-24,510050,57761766800.0,sse
2025-09-24,510300,89578387700.0,sse
2025-09-24,510310,66723944000.0,sse
2025-09-24,510330,47353749800.00001,sse
2025-09-24,510500,18496568600.0,sse
2025-09-24,512100,24829217600.0,sse
2025-09-24,588000,47477668200.0,sse
2025-09-24,588080,49813628099.99999,sse
2025-09-25,510050,57734766800.0,sse
2025-09-25,510300,89448787700.0,sse
2025-09-25,510310,66692444000.0,sse
2025-09-25,510330,47342949800.00001,sse
2025-09-25,510500,18507768600.0,sse
2025-09-25,512100,24649217600.0,sse
2025-09-25,588000,47608168200.0,sse
2025-09-25,588080,49831628099.99999,sse
2025-09-26,510050,57812166800.0,sse
2025-09-26,510300,89598187700.0,sse
2025-09-26,510310,66683444000.0,sse
2025-09-26,510330,47350149800.00001,sse
2025-09-26,510500,18511368600.0,sse
2025-09-26,512100,24623217600.0,sse
2025-09-26,588000,47788168200.0,sse
2025-09-26,588080,49882628099.99999,sse
2025-09-29,510050,58037166800.0,sse
2025-09-29,510300,89657587700.0,sse
2025-09-29,510310,66737444000.0,sse
2025-09-29,510330,47389749800.00001,sse
2025-09-29,510500,18646568600.0,sse
2025-09-29,512100,25063217600.0,sse
2025-09-29,588000,48206668200.0,sse
2025-09-29,588080,50035628099.99999,sse
2025-09-30,510050,57723966800.0,sse
2025-09-30,510300,89716087700.0,sse
2025-09-30,510310,66728444000.0,sse
2025-09-30,510330,47394249800.00001,sse
2025-09-30,510500,18644568600.0,sse
2025-09-30,512100,25009217600.0,sse
2025-09-30,588000,48175168200.0,sse
2025-09-30,588080,49993628099.99999,sse
2025-10-09,510050,57846366800.0,sse
2025-10-09,510300,89960887700.0,sse
2025-10-09,510310,66797744000.0,sse
2025-10-09,510330,47396949800.00001,sse
2025-10-09,510500,18702168600.0,sse
2025-10-09,512100,24997217600.0,sse
2025-10-09,588000,47851168200.0,sse
2025-10-09,588080,49942628099.99999,sse
2025-10-10,510050,57847266800.0,sse
2025-10-10,510300,90294787700.0,sse
2025-10-10,510310,66741044000.0,sse
2025-10-10,510330,47398749800.00001,sse
2025-10-10,510500,18667768600.0,sse
2025-10-10,512100,24779217600.0,sse
2025-10-10,588000,49979668200.0,sse
2025-10-10,588080,50752628099.99999,sse
2025-10-13,510050,57743766800.0,sse
2025-10-13,510300,90188587700.0,sse
2025-10-13,510310,66981344000.0,sse
2025-10-13,510330,47429349800.00001,sse
2025-10-13,510500,18573768600.0,sse
2025-10-13,512100,24683217600.0,sse
2025-10-13,588000,49228168200.0,sse
2025-10-13,588080,50824628099.99999,sse
2025-10-14,510050,57733866800.0,sse
2025-10-14,510300,89700787700.0,sse
2025-10-14,510310,66954344000.0,sse
2025-10-14,510330,47413149800.00001,sse
2025-10-14,510500,18312168600.0,sse
2025-10-14,512100,24539217600.0,sse
2025-10-14,588000,49678168200.0,sse
2025-10-14,588080,51082628099.99999,sse
2025-10-15,510050,57772566800.0,sse
2025-10-15,510300,89974387700.0,sse
2025-10-15,510310,66996644000.0,sse
2025-10-15,510330,47419449800.00001,sse
2025-10-15,510500,18397368600.0,sse
2025-10-15,512100,24745217600.0,sse
2025-10-15,588000,49435168200.0,sse
2025-10-15,588080,50611628099.99999,sse
2025-10-16,510050,57864366800.0,sse
2025-10-16,510300,89705287700.0,sse
2025-10-16,510310,67009244000.0,sse
2025-10-16,510330,47397849800.00001,sse
2025-10-16,510500,18249368600.0,sse
2025-10-16,512100,24633217600.0,sse
2025-10-16,588000,48922168200.0,sse
2025-10-16,588080,50263628099.99999,sse
2025-10-17,510050,57637566800.0,sse
2025-10-17,510300,89747587700.0,sse
2025-10-17,510310,67072244000.0,sse
2025-10-17,510330,47404149800.00001,sse
2025-10-17,510500,18322168600.0,sse
2025-10-17,512100,24781217600.0,sse
2025-10-17,588000,49664668200.0,sse
2025-10-17,588080,49993628099.99999,sse
2025-10-20,510050,58119966800.0,sse
2025-10-20,510300,89954587700.0,sse
2025-10-20,510310,67108244000.0,sse
2025-10-20,510330,47417649800.00001,sse
2025-10-20,510500,18446968600.0,sse
2025-10-20,512100,24809217600.0,sse
2025-10-20,588000,49615168200.0,sse
2025-10-20,588080,50455628099.99999,sse
2025-10-21,510050,58139766800.0,sse
2025-10-21,510300,89793487700.0,sse
2025-10-21,510310,67047944000.0,sse
2025-10-21,510330,47409549800.00001,sse
2025-10-21,510500,18472968600.0,sse
2025-10-21,512100,24929217600.0,sse
2025-10-21,588000,49061668200.0,sse
2025-10-21,588080,50809628099.99999,sse
2025-10-22,510050,57783366800.0,sse
2025-10-22,510300,89631487700.0,sse
2025-10-22,510310,66979544000.0,sse
2025-10-22,510330,47407749800.00001,sse
2025-10-22,510500,18382568600.0,sse
2025-10-22,512100,24787217600.0,sse
2025-10-22,588000,48629668200.0,sse
2025-10-22,588080,50569628099.99999,sse
2025-10-23,510050,57804966800.0,sse
2025-10-23,510300,89440687700.0,sse
2025-10-23,510310,66920144000.0,sse
2025-10-23,510330,47409549800.00001,sse
2025-10-23,510500,18303768600.0,sse
2025-10-23,512100,24727217600.0,sse
2025-10-23,588000,49007668200.0,sse
2025-10-23,588080,50638628099.99999,sse
2025-10-24,510050,57910266800.0,sse
2025-10-24,510300,89275987700.0,sse
2025-10-24,510310,66869744000.0,sse
2025-10-24,510330,47418549800.00001,sse
2025-10-24,510500,18280568600.0,sse
2025-10-24,512100,24779217600.0,sse
2025-10-24,588000,48323668200.0,sse
2025-10-24,588080,50416628099.99999,sse
2025-10-27,510050,58075866800.0,sse
2025-10-27,510300,89155387700.0,sse
2025-10-27,510310,66835544000.0,sse
2025-10-27,510330,47451849800.00001,sse
2025-10-27,510500,18238968600.0,sse
2025-10-27,512100,24665217600.0,sse
2025-10-27,588000,48958168200.0,sse
2025-10-27,588080,50473628099.99999,sse
2025-10-28,510050,58523166800.0,sse
2025-10-28,510300,89464087700.0,sse
2025-10-28,510310,66857144000.0,sse
2025-10-28,510330,47466249800.00001,sse
2025-10-28,510500,18258568600.0,sse
2025-10-28,512100,24691217600.0,sse
2025-10-28,588000,48904168200.0,sse
2025-10-28,588080,50239628099.99999,sse
2025-10-29,510050,58542066800.0,sse
2025-10-29,510300,89587387700.0,sse
2025-10-29,510310,66884144000.0,sse
2025-10-29,510330,47480649800.00001,sse
2025-10-29,510500,18331768600.0,sse
2025-10-29,512100,24847217600.0,sse
2025-10-29,588000,49097668200.0,sse
2025-10-29,588080,50284628099.99999,sse
2025-10-30,510050,58137066800.0,sse
2025-10-30,510300,89444287700.0,sse
2025-10-30,510310,66851744000.0,sse
2025-10-30,510330,47469849800.00001,sse
2025-10-30,510500,18301768600.0,sse
2025-10-30,512100,24605217600.0,sse
2025-10-30,588000,49174168200.0,sse
2025-10-30,588080,50371628099.99999,sse
2025-10-31,510050,58621266800.0,sse
2025-10-31,510300,90507187700.0,sse
2025-10-31,510310,66971444000.0,sse
2025-10-31,510330,47507649800.00001,sse
2025-10-31,510500,18399368600.0,sse
2025-10-31,512100,24911217600.0,sse
2025-10-31,588000,50272168200.0,sse
2025-10-31,588080,50542628099.99999,sse
2025-11-03,510050,58241466800.0,sse
2025-11-03,510300,90368587700.0,sse
2025-11-03,510310,66940844000.0,sse
2025-11-03,510330,47515749800.00001,sse
2025-11-03,510500,18328568600.0,sse
2025-11-03,512100,24773217600.0,sse
2025-11-03,588000,50497168200.0,sse
2025-11-03,588080,50590628099.99999,sse
2025-11-04,510050,57647466800.0,sse
2025-11-04,510300,89707087700.0,sse
2025-11-04,510310,66732044000.0,sse
2025-11-04,510330,47450049800.00001,sse
2025-11-04,510500,18140968600.0,sse
2025-11-04,512100,24687217600.0,sse
2025-11-04,588000,49975168200.0,sse
2025-11-04,588080,50569628099.99999,sse
2025-11-05,510050,57730266800.0,sse
2025-11-05,510300,89555887700.0,sse
2025-11-05,510310,66683444000.0,sse
2025-11-05,510330,47459949800.00001,sse
2025-11-05,510500,18140568600.0,sse
2025-11-05,512100,24745217600.0,sse
2025-11-05,588000,50060668200.0,sse
2025-11-05,588080,50641628099.99999,sse
2025-11-06,510050,57420666800.0,sse
2025-11-06,510300,89365987700.0,sse
2025-11-06,510310,66680744000.0,sse
2025-11-06,510330,47421249800.00001,sse
2025-11-06,510500,18158168600.0,sse
2025-11-06,512100,24715217600.0,sse
2025-11-06,588000,49003168200.0,sse
2025-11-06,588080,50395628099.99999,sse
2025-11-07,510050,57390066800.0,sse
2025-11-07,510300,89201287700.0,sse
2025-11-07,510310,66665444000.0,sse
2025-11-07,510330,47387949800.00001,sse
2025-11-07,510500,18130168600.0,sse
2025-11-07,512100,24723217600.0,sse
2025-11-07,588000,49012168200.0,sse
2025-11-07,588080,50371628099.99999,sse
2025-11-10,510050,57381066800.0,sse
2025-11-10,510300,89202187700.0,sse
2025-11-10,510310,66653744000.0,sse
2025-11-10,510330,47374449800.00001,sse
2025-11-10,510500,18120968600.0,sse
2025-11-10,512100,24699217600.0,sse
2025-11-10,588000,49336168200.0,sse
2025-11-10,588080,50434628099.99999,sse
2025-11-11,510050,57293766800.0,sse
2025-11-11,510300,89205787700.0,sse
2025-11-11,510310,66617744000.0,sse
2025-11-11,510330,47360949800.00001,sse
2025-11-11,510500,18098968600.0,sse
2025-11-11,512100,24665217600.0,sse
2025-11-11,588000,49466668200.0,sse
2025-11-11,588080,50413628099.99999,sse
2025-11-12,510050,57031866800.0,sse
2025-11-12,510300,89221987700.0,sse
2025-11-12,510310,66568244000.0,sse
2025-11-12,510330,47340249800.00001,sse
2025-11-12,510500,18135368600.0,sse
2025-11-12,512100,24787217600.0,sse
2025-11-12,588000,50357668200.0,sse
2025-11-12,588080,50536628099.99999,sse
2025-11-13,510050,57131766800.0,sse
2025-11-13,510300,89137387700.0,sse
2025-11-13,510310,66483644000.0,sse
2025-11-13,510330,47310549800.00001,sse
2025-11-13,510500,18172968600.0,sse
2025-11-13,512100,24893217600.0,sse
2025-11-13,588000,50227168200.0,sse
2025-11-13,588080,50425628099.99999,sse
2025-11-14,510050,57099366800.0,sse
2025-11-14,510300,89258887700.0,sse
2025-11-14,510310,66446744000.0,sse
2025-11-14,510330,47304249800.00001,sse
2025-11-14,510500,18190968600.0,sse
2025-11-14,512100,24787217600.0,sse
2025-11-14,588000,50735668200.0,sse
2025-11-14,588080,50596628099.99999,sse
2025-11-17,510050,57466566800.0,sse
2025-11-17,510300,89610787700.0,sse
2025-11-17,510310,66436844000.0,sse
2025-11-17,510330,47312349800.00001,sse
2025-11-17,510500,18244968600.0,sse
2025-11-17,512100,24677217600.0,sse
2025-11-17,588000,50821168200.0,sse
2025-11-17,588080,50596628099.99999,sse
2025-11-18,510050,57348666800.0,sse
2025-11-18,510300,89725987700.0,sse
2025-11-18,510310,66453044000.0,sse
2025-11-18,510330,47301549800.00001,sse
2025-11-18,510500,18278168600.0,sse
2025-11-18,512100,24675217600.0,sse
2025-11-18,588000,50614168200.0,sse
2025-11-18,588080,50605628099.99999,sse
2025-11-19,510050,56975166800.0,sse
2025-11-19,510300,89469487700.0,sse
2025-11-19,510310,66426044000.0,sse
2025-11-19,510330,47278149800.00001,sse
2025-11-19,510500,18424568600.0,sse
2025-11-19,512100,24855217600.0,sse
2025-11-19,588000,50960668200.0,sse
2025-11-19,588080,50677628099.99999,sse
2025-11-20,510050,57031866800.0,sse
2025-11-20,510300,89383087700.0,sse
2025-11-20,510310,66363044000.0,sse
2025-11-20,510330,47234049800.00001,sse
2025-11-20,510500,18530168600.0,sse
2025-11-20,512100,24995217600.0,sse
2025-11-20,588000,51500668200.0,sse
2025-11-20,588080,50818628099.99999,sse
2025-11-21,510050,57197466800.0,sse
2025-11-21,510300,90225487700.0,sse
2025-11-21,510310,66365744000.0,sse
2025-11-21,510330,47297049800.00001,sse
2025-11-21,510500,19004168600.0,sse
2025-11-21,512100,25703217600.0,sse
2025-11-21,588000,53264668200.0,sse
2025-11-21,588080,51376628099.99999,sse
2025-11-24,510050,57691566800.0,sse
2025-11-24,510300,91029187700.0,sse
2025-11-24,510310,66480044000.0,sse
2025-11-24,510330,47369949800.00001,sse
2025-11-24,510500,19132968600.0,sse
2025-11-24,512100,25745217600.0,sse
2025-11-24,588000,53647168200.0,sse
2025-11-24,588080,51253628099.99999,sse
2025-11-25,510050,57616866800.0,sse
2025-11-25,510300,90810487700.0,sse
2025-11-25,510310,66440444000.0,sse
2025-11-25,510330,47368149800.00001,sse
2025-11-25,510500,18711768600.0,sse
2025-11-25,512100,25223217600.0,sse
2025-11-25,588000,53210668200.0,sse
2025-11-25,588080,51277628099.99999,sse
2025-11-26,510050,57605166800.0,sse
2025-11-26,510300,90269587700.0,sse
2025-11-26,510310,66364844000.0,sse
2025-11-26,510330,47399649800.00001,sse
2025-11-26,510500,18442568600.0,sse
2025-11-26,512100,25041217600.0,sse
2025-11-26,588000,52090168200.0,sse
2025-11-26,588080,51043628099.99999,sse
2025-11-27,510050,57816666800.0,sse
2025-11-27,510300,90182287700.0,sse
2025-11-27,510310,66336044000.0,sse
2025-11-27,510330,47407749800.00001,sse
2025-11-27,510500,18364168600.0,sse
2025-11-27,512100,24905217600.0,sse
2025-11-27,588000,51725668200.0,sse
2025-11-27,588080,50743628099.99999,sse
2025-11-28,510050,57950766800.0,sse
2025-11-28,510300,90122887700.0,sse
2025-11-28,510310,66352244000.0,sse
2025-11-28,510330,47408649800.00001,sse
2025-11-28,510500,18405368600.0,sse
2025-11-28,512100,24877217600.0,sse
2025-11-28,588000,51482668200.0,sse
2025-11-28,588080,50575628099.99999,sse
2025-12-01,510050,57458466800.0,sse
2025-12-01,510300,89819587700.0,sse
2025-12-01,510310,66312644000.0,sse
2025-12-01,510330,47408649800.00001,sse
2025-12-01,510500,18441368600.0,sse
2025-12-01,512100,24727217600.0,sse
2025-12-01,588000,51532168200.0,sse
2025-12-01,588080,50581628099.99999,sse
2025-12-02,510050,57395466800.0,sse
2025-12-02,510300,89761087700.0,sse
2025-12-02,510310,66297344000.0,sse
2025-12-02,510330,47433849800.00001,sse
2025-12-02,510500,18360968600.0,sse
2025-12-02,512100,24655217600.0,sse
2025-12-02,588000,51550168200.0,sse
2025-12-02,588080,50476628099.99999,sse
2025-12-03,510050,57224466800.0,sse
2025-12-03,510300,89817787700.0,sse
2025-12-03,510310,66290144000.0,sse
2025-12-03,510330,47452749800.00001,sse
2025-12-03,510500,18338168600.0,sse
2025-12-03,512100,24805217600.0,sse
2025-12-03,588000,51599668200.0,sse
2025-12-03,588080,50560628099.99999,sse
2025-12-04,510050,57364866800.0,sse
2025-12-04,510300,89906887700.0,sse
2025-12-04,510310,66321644000.0,sse
2025-12-04,510330,47475249800.00001,sse
2025-12-04,510500,18368968600.0,sse
2025-12-04,512100,24907217600.0,sse
2025-12-04,588000,51640168200.0,sse
2025-12-04,588080,50551628099.99999,sse
2025-12-05,510050,57533166800.0,sse
2025-12-05,510300,90042787700.0,sse
2025-12-05,510310,66372944000.0,sse
2025-12-05,510330,47486049800.00001,sse
2025-12-05,510500,18548968600.0,sse
2025-12-05,512100,25179217600.0,sse
2025-12-05,588000,52418668200.0,sse
2025-12-05,588080,50608628099.99999,sse
2025-12-08,510050,57547566800.0,sse
2025-12-08,510300,90237187700.0,sse
2025-12-08,510310,66416144000.0,sse
2025-12-08,510330,47498649800.00001,sse
2025-12-08,510500,18552968600.0,sse
2025-12-08,512100,25147217600.0,sse
2025-12-08,588000,52976668200.0,sse
2025-12-08,588080,50563628099.99999,sse
2025-12-09,510050,57420666800.0,sse
2025-12-09,510300,89907787700.0,sse
2025-12-09,510310,66331544000.0,sse
2025-12-09,510330,47482449800.00001,sse
2025-12-09,510500,18471768600.0,sse
2025-12-09,512100,25113217600.0,sse
2025-12-09,588000,52873168200.0,sse
2025-12-09,588080,50764628099.99999,sse
2025-12-10,510050,57147066800.0,sse
2025-12-10,510300,89701687700.0,sse
2025-12-10,510310,66280244000.0,sse
2025-12-10,510330,47471649800.00001,sse
2025-12-10,510500,18271768600.0,sse
2025-12-10,512100,24881217600.0,sse
2025-12-10,588000,53084668200.0,sse
2025-12-10,588080,50992628099.99999,sse
2025-12-11,510050,57341466800.0,sse
2025-12-11,510300,89500987700.0,sse
2025-12-11,510310,66278444000.0,sse
2025-12-11,510330,47472549800.00001,sse
2025-12-11,510500,18256168600.0,sse
2025-12-11,512100,24781217600.0,sse
2025-12-11,588000,53444668200.0,sse
2025-12-11,588080,51367628099.99999,sse
2025-12-12,510050,57624966800.0,sse
2025-12-12,510300,90008587700.0,sse
2025-12-12,510310,66362144000.0,sse
2025-12-12,510330,47530149800.00001,sse
2025-12-12,510500,18540968600.0,sse
2025-12-12,512100,25089217600.0,sse
2025-12-12,588000,53026168200.0,sse
2025-12-12,588080,51325628099.99999,sse
2025-12-15,510050,57502566800.0,sse
2025-12-15,510300,89779987700.0,sse
2025-12-15,510310,66342344000.0,sse
2025-12-15,510330,47530149800.00001,sse
2025-12-15,510500,18533768600.0,sse
2025-12-15,512100,25083217600.0,sse
2025-12-15,588000,53534668200.0,sse
2025-12-15,588080,51370628099.99999,sse
2025-12-16,510050,57167766800.0,sse
2025-12-16,510300,89722387700.0,sse
2025-12-16,510310,66351344000.0,sse
2025-12-16,510330,47536449800.00001,sse
2025-12-16,510500,18523768600.0,sse
2025-12-16,512100,25135217600.0,sse
2025-12-16,588000,54164668200.0,sse
2025-12-16,588080,51748628099.99999,sse
2025-12-17,510050,57162366800.0,sse
2025-12-17,510300,90160687700.0,sse
2025-12-17,510310,66426044000.0,sse
2025-12-17,510330,47568849800.00001,sse
2025-12-17,510500,18618168600.0,sse
2025-12-17,512100,25245217600.0,sse
2025-12-17,588000,53669668200.0,sse
2025-12-17,588080,51607628099.99999,sse
2025-12-18,510050,57110166800.0,sse
2025-12-18,510300,90248887700.0,sse
2025-12-18,510310,66426944000.0,sse
2025-12-18,510330,47575149800.00001,sse
2025-12-18,510500,18622168600.0,sse
2025-12-18,512100,25175217600.0,sse
2025-12-18,588000,53989168200.0,sse
2025-12-18,588080,51724628099.99999,sse
2025-12-19,510050,57485466800.0,sse
2025-12-19,510300,90034687700.0,sse
2025-12-19,510310,66398144000.0,sse
2025-12-19,510330,47569749800.00001,sse
2025-12-19,510500,18733768600.0,sse
2025-12-19,512100,25261217600.0,sse
2025-12-19,588000,54317668200.0,sse
2025-12-19,588080,51832628099.99999,sse
2025-12-22,510050,57508866800.0,sse
2025-12-22,510300,89542387700.0,sse
2025-12-22,510310,66207344000.0,sse
2025-12-22,510330,47468949800.00001,sse
2025-12-22,510500,18650968600.0,sse
2025-12-22,512100,25137217600.0,sse
2025-12-22,588000,54047668200.0,sse
2025-12-22,588080,51691628099.99999,sse
2025-12-23,510050,57093066800.0,sse
2025-12-23,510300,89040187700.0,sse
2025-12-23,510310,66106544000.0,sse
2025-12-23,510330,47423049800.00001,sse
2025-12-23,510500,18628968600.0,sse
2025-12-23,512100,25085217600.0,sse
2025-12-23,588000,53615668200.0,sse
2025-12-23,588080,51538628099.99999,sse
2025-12-24,510050,57271266800.0,sse
2025-12-24,510300,89140987700.0,sse
2025-12-24,510310,66130844000.0,sse
2025-12-24,510330,47418549800.00001,sse
2025-12-24,510500,18756168600.0,sse
2025-12-24,512100,25185217600.0,sse
2025-12-24,588000,53359168200.0,sse
2025-12-24,588080,51385628099.99999,sse
2025-12-25,510050,57219066800.0,sse
2025-12-25,510300,89151787700.0,sse
2025-12-25,510310,66116444000.0,sse
2025-12-25,510330,47436549800.00001,sse
2025-12-25,510500,18863368600.0,sse
2025-12-25,512100,25359217600.0,sse
2025-12-25,588000,53849668200.0,sse
2025-12-25,588080,51556628099.99999,sse
2025-12-26,510050,57651066800.0,sse
2025-12-26,510300,89312887700.0,sse
2025-12-26,510310,66153344000.0,sse
2025-12-26,510330,47482449800.00001,sse
2025-12-26,510500,19174168600.0,sse
2025-12-26,512100,25907217600.0,sse
2025-12-26,588000,54349168200.0,sse
2025-12-26,588080,51598628099.99999,sse
2025-12-29,510050,57466566800.0,sse
2025-12-29,510300,89022187700.0,sse
2025-12-29,510310,66018344000.0,sse
2025-12-29,510330,47449149800.00001,sse
2025-12-29,510500,19032968600.0,sse
2025-12-29,512100,25739217600.0,sse
2025-12-29,588000,53705668200.0,sse
2025-12-29,588080,51571628099.99999,sse
2025-12-30,510050,57251466800.0,sse
2025-12-30,510300,89028487700.0,sse
2025-12-30,510310,66002144000.0,sse
2025-12-30,510330,47459949800.00001,sse
2025-12-30,510500,19099768600.0,sse
2025-12-30,512100,25835217600.0,sse
2025-12-30,588000,53089168200.0,sse
2025-12-30,588080,51415628099.99999,sse
2025-12-31,510050,56664666800.0,sse
2025-12-31,510300,88829587700.0,sse
2025-12-31,510310,65853644000.0,sse
2025-12-31,510330,47424849800.00001,sse
2025-12-31,510500,19064568600.0,sse
2025-12-31,512100,25651217600.0,sse
2025-12-31,588000,53710168200.0,sse
2025-12-31,588080,51511628099.99999,sse
2026-01-05,510050,56589066800.0,sse
2026-01-05,510300,89058187700.0,sse
2026-01-05,510310,65969744000.0,sse
2026-01-05,510330,47459049800.00001,sse
2026-01-05,510500,19431768600.0,sse
2026-01-05,512100,25867217600.0,sse
2026-01-05,588000,53165668200.0,sse
2026-01-05,588080,51622628099.99999,sse
2026-01-06,510050,56683566800.0,sse
2026-01-06,510300,89344387700.0,sse
2026-01-06,510310,65983244000.0,sse
2026-01-06,510330,47467149800.00001,sse
2026-01-06,510500,19559368600.0,sse
2026-01-06,512100,26017217600.0,sse
2026-01-06,588000,54196168200.0,sse
2026-01-06,588080,51688628099.99999,sse
2026-01-07,510050,56409066800.0,sse
2026-01-07,510300,89029387700.0,sse
2026-01-07,510310,65926544000.0,sse
2026-01-07,510330,47406849800.00001,sse
2026-01-07,510500,19491768600.0,sse
2026-01-07,512100,25713217600.0,sse
2026-01-07,588000,53516668200.0,sse
2026-01-07,588080,51400628099.99999,sse
2026-01-08,510050,56404566800.0,sse
2026-01-08,510300,89142787700.0,sse
2026-01-08,510310,65921144000.0,sse
2026-01-08,510330,47441049800.00001,sse
2026-01-08,510500,19358568600.0,sse
2026-01-08,512100,25699217600.0,sse
2026-01-08,588000,53296168200.0,sse
2026-01-08,588080,51037628099.99999,sse
2026-01-09,510050,56499066800.0,sse
2026-01-09,510300,89509087700.0,sse
2026-01-09,510310,65934644000.0,sse
2026-01-09,510330,47475249800.00001,sse
2026-01-09,510500,19521768600.0,sse
2026-01-09,512100,26287217600.0,sse
2026-01-09,588000,53498668200.0,sse
2026-01-09,588080,50743628099.99999,sse
2026-01-12,510050,56337066800.0,sse
2026-01-12,510300,89154487700.0,sse
2026-01-12,510310,65813144000.0,sse
2026-01-12,510330,47424849800.00001,sse
2026-01-12,510500,19552968600.0,sse
2026-01-12,512100,26695217600.0,sse
2026-01-12,588000,53386168200.0,sse
2026-01-12,588080,50116628099.99999,sse
2026-01-13,510050,55887966800.0,sse
2026-01-13,510300,88819687700.0,sse
2026-01-13,510310,65710544000.0,sse
2026-01-13,510330,47387049800.00001,sse
2026-01-13,510500,19539368600.0,sse
2026-01-13,512100,26959217600.0,sse
2026-01-13,588000,53786668200.0,sse
2026-01-13,588080,50170628099.99999,sse
2026-01-14,510050,55833066800.0,sse
2026-01-14,510300,88242787700.0,sse
2026-01-14,510310,65505344000.0,sse
2026-01-14,510330,47266449800.00001,sse
2026-01-14,510500,19562968600.0,sse
2026-01-14,512100,26895217600.0,sse
2026-01-14,588000,52940668200.0,sse
2026-01-14,588080,49165628099.99999,sse
2026-01-15,510050,52986366800.0,sse
2026-01-15,510300,84100987700.0,sse
2026-01-15,510310,64113944000.0,sse
2026-01-15,510330,46473549800.00001,sse
2026-01-15,510500,18729368600.0,sse
2026-01-15,512100,26559217600.0,sse
2026-01-15,588000,53075668200.0,sse
2026-01-15,588080,42241628099.99999,sse
2026-01-16,510050,50492466800.0,sse
2026-01-16,510300,79760287700.0,sse
2026-01-16,510310,62414744000.0,sse
2026-01-16,510330,42010449800.00001,sse
2026-01-16,510500,17620568600.0,sse
2026-01-16,512100,25329217600.0,sse
2026-01-16,588000,53116168200.0,sse
2026-01-16,588080,34414628100.0,sse
2026-01-19,510050,48948966800.0,sse
2026-01-19,510300,77863087700.0,sse
2026-01-19,510310,61218644000.0,sse
2026-01-19,510330,40457049800.0,sse
2026-01-19,510500,17246168600.0,sse
2026-01-19,512100,23747217600.0,sse
2026-01-19,588000,53098168200.0,sse
2026-01-19,588080,32176628100.0,sse
2026-01-20,510050,47108466800.0,sse
2026-01-20,510300,75533887700.0,sse
2026-01-20,510310,59718344000.0,sse
2026-01-20,510330,39139449800.0,sse
2026-01-20,510500,16142968600.000002,sse
2026-01-20,512100,22627217600.0,sse
2026-01-20,588000,52211668200.0,sse
2026-01-20,588080,29872628100.0,sse
2026-01-21,510050,42864066800.0,sse
2026-01-21,510300,71977987700.0,sse
2026-01-21,510310,56698844000.0,sse
2026-01-21,510330,36203649800.0,sse
2026-01-21,510500,16188168600.000002,sse
2026-01-21,512100,18423217600.0,sse
2026-01-21,588000,50618668200.0,sse
2026-01-21,588080,28420628100.0,sse
2026-01-22,510050,41184666800.0,sse
2026-01-22,510300,68534587699.99999,sse
2026-01-22,510310,53355344000.0,sse
2026-01-22,510330,34380249800.0,sse
2026-01-22,510500,16158568600.000002,sse
2026-01-22,512100,16909217600.0,sse
2026-01-22,588000,50528668200.0,sse
2026-01-22,588080,28453628100.0,sse
2026-01-23,510050,38849166800.0,sse
2026-01-23,510300,64415287699.99999,sse
2026-01-23,510310,48859844000.0,sse
2026-01-23,510330,30572349800.0,sse
2026-01-23,510500,16355368600.000002,sse
2026-01-23,512100,15949217600.0,sse
2026-01-23,588000,50965168200.0,sse
2026-01-23,588080,28606628100.0,sse
2026-01-26,510050,34804566800.0,sse
2026-01-26,510300,60517387699.99999,sse
2026-01-26,510310,43849544000.0,sse
2026-01-26,510330,27559149800.0,sse
2026-01-26,510500,15190568600.000002,sse
2026-01-26,512100,13501217600.0,sse
2026-01-26,588000,50771668200.0,sse
2026-01-26,588080,28594628100.0,sse
2026-01-27,510050,33157566800.0,sse
2026-01-27,510300,57532987699.99999,sse
2026-01-27,510310,41232344000.0,sse
2026-01-27,510330,26060649800.0,sse
2026-01-27,510500,15058168600.000002,sse
2026-01-27,512100,12753217600.0,sse
2026-01-27,588000,50281168200.0,sse
2026-01-27,588080,28525628100.0,sse
2026-01-28,510050,28257966800.0,sse
2026-01-28,510300,51504787699.99999,sse
2026-01-28,510310,34965644000.0,sse
2026-01-28,510330,20989149800.0,sse
2026-01-28,510500,14031768600.000002,sse
2026-01-28,512100,11059217600.0,sse
2026-01-28,588000,49925668200.0,sse
2026-01-28,588080,28675628100.0,sse
2026-01-29,510050,25926966800.0,sse
2026-01-29,510300,49260187699.99999,sse
2026-01-29,510310,33000944000.0,sse
2026-01-29,510330,19660749800.0,sse
2026-01-29,510500,13360568600.000002,sse
2026-01-29,512100,10651217600.0,sse
2026-01-29,588000,50704168200.0,sse
2026-01-29,588080,28888628100.0,sse
2026-01-30,510050,25556166800.0,sse
2026-01-30,510300,48687787699.99999,sse
2026-01-30,510310,32475344000.0,sse
2026-01-30,510330,19430349800.0,sse
2026-01-30,510500,12606568600.000002,sse
2026-01-30,512100,10711217600.0,sse
2026-01-30,588000,50393668200.0,sse
2026-01-30,588080,28819628100.0,sse
2026-02-02,510050,25177266800.0,sse
2026-02-02,510300,47506987699.99999,sse
2026-02-02,510310,32368244000.0,sse
2026-02-02,510330,19226949800.0,sse
2026-02-02,510500,11160568600.000002,sse
2026-02-02,512100,10223217600.0,sse
2026-02-02,588000,50704168200.0,sse
2026-02-02,588080,28906628100.0,sse
2026-02-03,510050,25217766800.0,sse
2026-02-03,510300,47543887699.99999,sse
2026-02-03,510310,32525744000.0,sse
2026-02-03,510330,19350249800.0,sse
2026-02-03,510500,11590968600.000002,sse
2026-02-03,512100,10431217600.0,sse
2026-02-03,588000,51199168200.0,sse
2026-02-03,588080,29095628100.0,sse
2026-02-04,510050,24993666800.0,sse
2026-02-04,510300,46987687699.99999,sse
2026-02-04,510310,32446544000.0,sse
2026-02-04,510330,19331349800.0,sse
2026-02-04,510500,11391368600.000002,sse
2026-02-04,512100,9983217600.0,sse
2026-02-04,588000,51797668200.0,sse
2026-02-04,588080,29212628100.0,sse
2026-02-05,510050,25128666800.0,sse
2026-02-05,510300,47227987699.99999,sse
2026-02-05,510310,32514044000.0,sse
2026-02-05,510330,19344849800.0,sse
2026-02-05,510500,11008168600.000002,sse
2026-02-05,512100,9887217600.0,sse
2026-02-05,588000,52112668200.0,sse
2026-02-05,588080,29371628100.0,sse
2026-02-06,510050,25022466800.0,sse
2026-02-06,510300,47461087699.99999,sse
2026-02-06,510310,32568944000.0,sse
2026-02-06,510330,19351149800.0,sse
2026-02-06,510500,11282568600.000002,sse
2026-02-06,512100,10051217600.0,sse
2026-02-06,588000,52382668200.0,sse
2026-02-06,588080,29464628100.0,sse
2026-02-09,510050,24759666800.0,sse
2026-02-09,510300,47458387699.99999,sse
2026-02-09,510310,32569844000.0,sse
2026-02-09,510330,19358349800.0,sse
2026-02-09,510500,11565368600.000002,sse
2026-02-09,512100,10545217600.0,sse
2026-02-09,588000,51865168200.0,sse
2026-02-09,588080,29317628100.0,sse
2026-02-10,510050,24513966800.0,sse
2026-02-10,510300,47128987699.99999,sse
2026-02-10,510310,32469044000.0,sse
2026-02-10,510330,19349349800.0,sse
2026-02-10,510500,11394968600.000002,sse
2026-02-10,512100,10437217600.0,sse
2026-02-10,588000,51347668200.0,sse
2026-02-10,588080,29200628100.0,sse
2026-02-11,510050,24363666800.0,sse
2026-02-11,510300,47025487699.99999,sse
2026-02-11,510310,32410544000.0,sse
2026-02-11,510330,19350249800.0,sse
2026-02-11,510500,11439368600.000002,sse
2026-02-11,512100,10591217600.0,sse
2026-02-11,588000,51451168200.0,sse
2026-02-11,588080,29173628100.0,sse
2026-02-12,510050,24387066800.0,sse
2026-02-12,510300,46940887699.99999,sse
2026-02-12,510310,32373644000.0,sse
2026-02-12,510330,19335849800.0,sse
2026-02-12,510500,11571768600.000002,sse
2026-02-12,512100,10837217600.0,sse
2026-02-12,588000,50906668200.0,sse
2026-02-12,588080,29041628100.0,sse
2026-02-13,510050,23895666800.0,sse
2026-02-13,510300,46123687699.99999,sse
2026-02-13,510310,32201744000.0,sse
2026-02-13,510330,19284549800.0,sse
2026-02-13,510500,10898968600.000002,sse
2026-02-13,512100,10151217600.0,sse
2026-02-13,588000,50461168200.0,sse
2026-02-13,588080,28876628100.0,sse
2026-02-24,510050,23806566800.0,sse
2026-02-24,510300,45907687699.99999,sse
2026-02-24,510310,32180144000.0,sse
2026-02-24,510330,19285449800.0,sse
2026-02-24,510500,10910568600.000002,sse
2026-02-24,512100,10019217600.0,sse
2026-02-24,588000,50407168200.0,sse
2026-02-24,588080,28864628100.0,sse
2026-02-25,510050,23906466800.0,sse
2026-02-25,510300,45979687699.99999,sse
2026-02-25,510310,32181044000.0,sse
2026-02-25,510330,19309749800.0,sse
2026-02-25,510500,11076568600.000002,sse
2026-02-25,512100,10063217600.0,sse
2026-02-25,588000,50074168200.0,sse
2026-02-25,588080,28576628100.0,sse
2026-02-26,510050,23733666800.0,sse
2026-02-26,510300,45596287699.99999,sse
2026-02-26,510310,31995644000.0,sse
2026-02-26,510330,19253949800.0,sse
2026-02-26,510500,10426968600.0,sse
2026-02-26,512100,9115217600.0,sse
2026-02-26,588000,49426168200.0,sse
2026-02-26,588080,28480628100.0,sse
2026-02-27,510050,23690466800.0,sse
2026-02-27,510300,45612487699.99999,sse
2026-02-27,510310,31969544000.0,sse
2026-02-27,510330,19259349800.0,sse
2026-02-27,510500,10303368600.0,sse
2026-02-27,512100,8939217600.0,sse
2026-02-27,588000,49088668200.0,sse
2026-02-27,588080,28348628100.0,sse
2026-03-02,510050,22951566800.0,sse
2026-03-02,510300,44765587699.99999,sse
2026-03-02,510310,31801244000.0,sse
2026-03-02,510330,19185549800.0,sse
2026-03-02,510500,9836968600.0,sse
2026-03-02,512100,8227217600.0,sse
2026-03-02,588000,48845668200.0,sse
2026-03-02,588080,28303628100.0,sse
2026-03-03,510050,22667166800.0,sse
2026-03-03,510300,44573887699.99999,sse
2026-03-03,510310,31669844000.0,sse
2026-03-03,510330,19187349800.0,sse
2026-03-03,510500,9625768600.0,sse
2026-03-03,512100,8259217600.0,sse
2026-03-03,588000,50249668200.0,sse
2026-03-03,588080,28564628100.0,sse
2026-03-04,510050,22869666800.0,sse
2026-03-04,510300,44960887699.99999,sse
2026-03-04,510310,31752644000.0,sse
2026-03-04,510330,19205349800.0,sse
2026-03-04,510500,9752168600.0,sse
2026-03-04,512100,8355217600.0,sse
2026-03-04,588000,50060668200.0,sse
2026-03-04,588080,28669628100.0,sse
2026-03-05,510050,22569066800.0,sse
2026-03-05,510300,44612587699.99999,sse
2026-03-05,510310,31769744000.0,sse
2026-03-05,510330,19204449800.0,sse
2026-03-05,510500,9378568600.0,sse
2026-03-05,512100,7843217600.0,sse
2026-03-05,588000,48995668200.0,sse
2026-03-05,588080,28318628100.0,sse
2026-03-06,510050,22976766800.0,sse
2026-03-06,510300,44606287699.99999,sse
2026-03-06,510310,31785944000.0,sse
2026-03-06,510330,19211649800.0,sse
2026-03-06,510500,9410168600.0,sse
2026-03-06,512100,7781217600.0,sse
2026-03-06,588000,48992668200.0,sse
2026-03-06,588080,28228628100.0,sse
2026-03-09,510050,22774266800.0,sse
2026-03-09,510300,44621587699.99999,sse
2026-03-09,510310,31785944000.0,sse
2026-03-09,510330,19190949800.0,sse
2026-03-09,510500,9412568600.0,sse
2026-03-09,512100,7721217600.0,sse
2026-03-09,588000,49373668200.0,sse
2026-03-09,588080,28339628100.0,sse
2026-03-10,510050,23028066800.0,sse
2026-03-10,510300,44522587699.99999,sse
2026-03-10,510310,31729244000.0,sse
2026-03-10,510330,19198149800.0,sse
2026-03-10,510500,9542968600.0,sse
2026-03-10,512100,7735217600.0,sse
2026-03-10,588000,48734668200.0,sse
2026-03-10,588080,28144628100.0,sse
2026-03-11,510050,22921866800.0,sse
2026-03-11,510300,44094187699.99999,sse
2026-03-11,510310,31654544000.0,sse
2026-03-11,510330,19103649800.0,sse
2026-03-11,510500,9311768600.0,sse
2026-03-11,512100,7475217600.0,sse
2026-03-11,588000,48845668200.0,sse
2026-03-11,588080,28030628100.0,sse
2026-03-12,510050,22611366800.0,sse
2026-03-12,510300,44007787699.99999,sse
2026-03-12,510310,31608644000.0,sse
2026-03-12,510330,19082049800.0,sse
2026-03-12,510500,9099768600.0,sse
2026-03-12,512100,7231217600.0,sse
2026-03-12,588000,49250668200.0,sse
2026-03-12,588080,28057628100.0,sse
2026-03-13,510050,22831866800.0,sse
2026-03-13,510300,43985287699.99999,sse
2026-03-13,510310,31619444000.0,sse
2026-03-13,510330,19117149800.0,sse
2026-03-13,510500,9117368600.0,sse
2026-03-13,512100,7287217600.0,sse
2026-03-13,588000,49385668200.0,sse
2026-03-13,588080,28141628100.0,sse
2026-03-16,510050,23191866800.0,sse
2026-03-16,510300,44097787699.99999,sse
2026-03-16,510310,31651844000.0,sse
2026-03-16,510330,19126149800.0,sse
2026-03-16,510500,9204168600.0,sse
2026-03-16,512100,7313217600.0,sse
2026-03-16,588000,49550668200.0,sse
2026-03-16,588080,28258628100.0,sse
2026-03-17,510050,23126166800.0,sse
2026-03-17,510300,44332687699.99999,sse
2026-03-17,510310,31629344000.0,sse
2026-03-17,510330,19154949800.0,sse
2026-03-17,510500,9241368600.0,sse
2026-03-17,512100,7409217600.0,sse
2026-03-17,588000,49595668200.0,sse
2026-03-17,588080,28285628100.0,sse
2026-03-18,510050,23280066800.0,sse
2026-03-18,510300,44575687699.99999,sse
2026-03-18,510310,31632944000.0,sse
2026-03-18,510330,19167549800.0,sse
2026-03-18,510500,9344168600.0,sse
2026-03-18,512100,7509217600.0,sse
2026-03-18,588000,49274668200.0,sse
2026-03-18,588080,27982628100.0,sse
2026-03-19,510050,23283666800.0,sse
2026-03-19,510300,44822287699.99999,sse
2026-03-19,510310,31702244000.0,sse
2026-03-19,510330,19240449800.0,sse
2026-03-19,510500,9315368600.0,sse
2026-03-19,512100,7419217600.0,sse
2026-03-19,588000,50306668200.0,sse
2026-03-19,588080,28108628100.0,sse
2026-03-20,510050,23851566800.0,sse
2026-03-20,510300,44918587699.99999,sse
2026-03-20,510310,31705844000.0,sse
2026-03-20,510330,19294449800.0,sse
2026-03-20,510500,9671768600.0,sse
2026-03-20,512100,7693217600.0,sse
2026-03-20,588000,50867668200.0,sse
2026-03-20,588080,28267628100.0,sse
2026-03-23,510050,24400566800.0,sse
2026-03-23,510300,45749287699.99999,sse
2026-03-23,510310,31870544000.0,sse
2026-03-23,510330,19379049800.0,sse
2026-03-23,510500,9631368600.0,sse
2026-03-23,512100,8131217600.0,sse
2026-03-23,588000,51794668200.0,sse
2026-03-23,588080,28540628100.0,sse
2026-03-24,510050,24251166800.0,sse
2026-03-24,510300,45670987699.99999,sse
2026-03-24,510310,31875044000.0,sse
2026-03-24,510330,19483449800.0,sse
2026-03-24,510500,9670168600.0,sse
2026-03-24,512100,8243217600.0,sse
2026-03-24,588000,52016668200.0,sse
2026-03-24,588080,28843628100.0,sse
2026-03-25,510050,23494266800.0,sse
2026-03-25,510300,45231787699.99999,sse
2026-03-25,510310,31836344000.0,sse
2026-03-25,510330,19486149800.0,sse
2026-03-25,510500,9610168600.0,sse
2026-03-25,512100,7821217600.0,sse
2026-03-25,588000,51011668200.0,sse
2026-03-25,588080,28720628100.0,sse
2026-03-26,510050,23510466800.0,sse
2026-03-26,510300,45151687699.99999,sse
2026-03-26,510310,31799444000.0,sse
2026-03-26,510330,19494249800.0,sse
2026-03-26,510500,9476568600.0,sse
2026-03-26,512100,7639217600.0,sse
2026-03-26,588000,51407668200.0,sse
2026-03-26,588080,28963628100.0,sse
2026-03-27,510050,23442066800.0,sse
2026-03-27,510300,45160687699.99999,sse
2026-03-27,510310,31839944000.0,sse
2026-03-27,510330,19496949800.0,sse
2026-03-27,510500,9612968600.0,sse
2026-03-27,512100,7737217600.0,sse
2026-03-27,588000,51407668200.0,sse
2026-03-27,588080,28987628100.0,sse
2026-03-30,510050,23263866800.0,sse
2026-03-30,510300,44913187699.99999,sse
2026-03-30,510310,31797644000.0,sse
2026-03-30,510330,19486149800.0,sse
2026-03-30,510500,9383368600.0,sse
2026-03-30,512100,7527217600.0,sse
2026-03-30,588000,51443668200.0,sse
2026-03-30,588080,29053628100.0,sse
2026-03-31,510050,23022666800.0,sse
2026-03-31,510300,44828587699.99999,sse
2026-03-31,510310,31699544000.0,sse
2026-03-31,510330,19437549800.0,sse
2026-03-31,510500,9436568600.0,sse
2026-03-31,512100,7565217600.0,sse
2026-03-31,588000,51788668200.0,sse
2026-03-31,588080,29068628100.0,sse
2026-04-01,510050,23010066800.0,sse
2026-04-01,510300,44812387699.99999,sse
2026-04-01,510310,31673444000.0,sse
2026-04-01,510330,19415049800.0,sse
2026-04-01,510500,9606968600.0,sse
2026-04-01,512100,7651217600.0,sse
2026-04-01,588000,50594668200.0,sse
2026-04-01,588080,28780628100.0,sse
2026-04-02,510050,22862466800.0,sse
2026-04-02,510300,44718787699.99999,sse
2026-04-02,510310,31633844000.0,sse
2026-04-02,510330,19404249800.0,sse
2026-04-02,510500,9315368600.0,sse
2026-04-02,512100,7419217600.0,sse
2026-04-02,588000,51566668200.0,sse
2026-04-02,588080,28957628100.0,sse
2026-04-03,510050,22975866800.0,sse
2026-04-03,510300,44869087699.99999,sse
2026-04-03,510310,31637444000.0,sse
2026-04-03,510330,19410549800.0,sse
2026-04-03,510500,9444168600.0,sse
2026-04-03,512100,7557217600.0,sse
2026-04-03,588000,51794668200.0,sse
2026-04-03,588080,29086628100.0,sse
2026-04-07,510050,23004666800.0,sse
2026-04-07,510300,45052687699.99999,sse
2026-04-07,510310,31640144000.0,sse
2026-04-07,510330,19420449800.0,sse
2026-04-07,510500,9638168600.0,sse
2026-04-07,512100,7823217600.0,sse
2026-04-07,588000,51182668200.0,sse
2026-04-07,588080,28945628100.0,sse
2026-04-08,510050,23152266800.0,sse
2026-04-08,510300,45165187699.99999,sse
2026-04-08,510310,31658144000.0,sse
2026-04-08,510330,19425849800.0,sse
2026-04-08,510500,10575768600.000002,sse
2026-04-08,512100,8775217600.0,sse
2026-04-08,588000,50969668200.0,sse
2026-04-08,588080,28492628100.0,sse
2026-04-09,510050,22963266800.0,sse
2026-04-09,510300,44763787699.99999,sse
2026-04-09,510310,31565444000.0,sse
2026-04-09,510330,19344849800.0,sse
2026-04-09,510500,10152968600.0,sse
2026-04-09,512100,8135217600.0,sse
2026-04-09,588000,50831668200.0,sse
2026-04-09,588080,28636628100.0,sse
2026-04-10,510050,22791366800.0,sse
2026-04-10,510300,44077087699.99999,sse
2026-04-10,510310,31350344000.0,sse
2026-04-10,510330,19261149800.0,sse
2026-04-10,510500,10228968600.0,sse
2026-04-10,512100,7921217600.0,sse
2026-04-10,588000,50681668200.0,sse
2026-04-10,588080,28438628100.0,sse
2026-04-13,510050,22703166800.0,sse
2026-04-13,510300,43858387699.99999,sse
2026-04-13,510310,31285544000.0,sse
2026-04-13,510330,19249449800.0,sse
2026-04-13,510500,9966168600.0,sse
2026-04-13,512100,7635217600.0,sse
2026-04-13,588000,49571668200.0,sse
2026-04-13,588080,28210628100.0,sse
2026-04-14,510050,22560066800.0,sse
2026-04-14,510300,43806187699.99999,sse
2026-04-14,510310,31319744000.0,sse
2026-04-14,510330,19254849800.0,sse
2026-04-14,510500,9792568600.0,sse
2026-04-14,512100,7441217600.0,sse
2026-04-14,588000,48860668200.0,sse
2026-04-14,588080,27949628100.0,sse
2026-04-15,510050,22468266800.0,sse
2026-04-15,510300,43920487699.99999,sse
2026-04-15,510310,31380944000.0,sse
2026-04-15,510330,19252149800.0,sse
2026-04-15,510500,9857768600.0,sse
2026-04-15,512100,7511217600.0,sse
2026-04-15,588000,48017668200.0,sse
2026-04-15,588080,27682628100.0,sse
2026-04-16,510050,22672566800.0,sse
2026-04-16,510300,43684687699.99999,sse
2026-04-16,510310,31396244000.0,sse
2026-04-16,510330,19236849800.0,sse
2026-04-16,510500,9897768600.0,sse
2026-04-16,512100,7525217600.0,sse
2026-04-16,588000,48038668200.0,sse
2026-04-16,588080,27379628100.0,sse
2026-04-17,510050,22883166800.0,sse
2026-04-17,510300,43258987699.99999,sse
2026-04-17,510310,31334144000.0,sse
2026-04-17,510330,19227849800.0,sse
2026-04-17,510500,9762968600.0,sse
2026-04-17,512100,7425217600.0,sse
2026-04-17,588000,47828668200.0,sse
2026-04-17,588080,27271628100.0,sse
2026-04-20,510050,22821066800.0,sse
2026-04-20,510300,42820687699.99999,sse
2026-04-20,510310,31293644000.0,sse
2026-04-20,510330,19212549800.0,sse
2026-04-20,510500,9392968600.0,sse
2026-04-20,512100,7169217600.0,sse
2026-04-20,588000,47138668200.0,sse
2026-04-20,588080,26998628100.0,sse
2026-04-21,510050,22488966800.0,sse
2026-04-21,510300,42441787699.99999,sse
2026-04-21,510310,31157744000.0,sse
2026-04-21,510330,19165749800.0,sse
2026-04-21,510500,9150168600.0,sse
2026-04-21,512100,6931217600.0,sse
2026-04-21,588000,47441668200.0,sse
2026-04-21,588080,27064628100.0,sse
2026-04-22,510050,22121766800.0,sse
2026-04-22,510300,41816287700.0,sse
2026-04-22,510310,31055144000.0,sse
2026-04-22,510330,19136949800.0,sse
2026-04-22,510500,8928968600.0,sse
2026-04-22,512100,6729217600.0,sse
2026-04-22,588000,46745668200.0,sse
2026-04-22,588080,26788628100.0,sse
2026-04-23,510050,21196566800.0,sse
2026-04-23,510300,41118787700.0,sse
2026-04-23,510310,30822944000.0,sse
2026-04-23,510330,19059549800.0,sse
2026-04-23,510500,8539368600.0,sse
2026-04-23,512100,6853217600.0,sse
2026-04-23,588000,46424668200.0,sse
2026-04-23,588080,26554628100.0,sse
2026-04-24,510050,20806866800.0,sse
2026-04-24,510300,40922587700.0,sse
2026-04-24,510310,30807644000.0,sse
2026-04-24,510330,19010049800.0,sse
2026-04-24,510500,8435368600.0,sse
2026-04-24,512100,6755217600.0,sse
2026-04-24,588000,45758668200.0,sse
2026-04-24,588080,26056628100.0,sse
2026-04-27,510050,20155266800.0,sse
2026-04-27,510300,40362787700.0,sse
2026-04-27,510310,30598844000.0,sse
2026-04-27,510330,18874149800.0,sse
2026-04-27,510500,8195768600.0,sse
2026-04-27,512100,6015217600.0,sse
2026-04-27,588000,44786668200.0,sse
2026-04-27,588080,25549628100.0,sse
2026-04-28,510050,19282266800.0,sse
2026-04-28,510300,39860587700.0,sse
2026-04-28,510310,30415244000.0,sse
2026-04-28,510330,18810249800.0,sse
2026-04-28,510500,7816968600.0,sse
2026-04-28,512100,5537217600.0,sse
2026-04-28,588000,44678668200.0,sse
2026-04-28,588080,25471628100.0,sse
2026-04-29,510050,18530766800.0,sse
2026-04-29,510300,39371887700.0,sse
2026-04-29,510310,30152444000.0,sse
2026-04-29,510330,18748149800.0,sse
2026-04-29,510500,8044968600.0,sse
2026-04-29,512100,5559217600.0,sse
2026-04-29,588000,44858668200.0,sse
2026-04-29,588080,25303628100.0,sse
2026-04-30,510050,17234766800.0,sse
2026-04-30,510300,38204587700.0,sse
2026-04-30,510310,29693444000.0,sse
2026-04-30,510330,18551949800.0,sse
2026-04-30,510500,7476568600.0,sse
2026-04-30,512100,4321217600.0,sse
2026-04-30,588000,41927668200.0,sse
2026-04-30,588080,24571628100.0,sse
2026-05-06,510050,16327566800.0,sse
2026-05-06,510300,37932787700.0,sse
2026-05-06,510310,29198444000.0,sse
2026-05-06,510330,18212649800.0,sse
2026-05-06,510500,7567368600.0,sse
2026-05-06,512100,4747217600.0,sse
2026-05-06,588000,40256668200.0,sse
2026-05-06,588080,23449628100.0,sse
2026-05-07,510050,15369066800.0,sse
2026-05-07,510300,36156187700.0,sse
2026-05-07,510310,28725944000.0,sse
2026-05-07,510330,17889549800.0,sse
2026-05-07,510500,6815768600.0,sse
2026-05-07,512100,4631217600.0,sse
2026-05-07,588000,39842668200.0,sse
2026-05-07,588080,22804628100.0,sse
2026-05-08,510050,14096466800.0,sse
2026-05-08,510300,35269687700.0,sse
2026-05-08,510310,28219244000.0,sse
2026-05-08,510330,17636649800.0,sse
2026-05-08,510500,6014168600.0,sse
2026-05-08,512100,4241217600.0,sse
2026-05-08,588000,40025668200.0,sse
2026-05-08,588080,22612628100.0,sse
2026-05-11,510050,12960666800.0,sse
2026-05-11,510300,33945787700.0,sse
2026-05-11,510310,27433544000.0,sse
2026-05-11,510330,17192049800.0,sse
2026-05-11,510500,5578168600.0,sse
2026-05-11,512100,3675217600.0,sse
2026-05-11,588000,38990668200.0,sse
2026-05-11,588080,22255628100.0,sse
2026-05-12,510050,12424266800.0,sse
2026-05-12,510300,33371587700.0,sse
2026-05-12,510310,26773844000.0,sse
2026-05-12,510330,16845549800.0,sse
2026-05-12,510500,5372968600.0,sse
2026-05-12,512100,3475217600.0,sse
2026-05-12,588000,38474668200.0,sse
2026-05-12,588080,21901628100.0,sse
2026-05-13,510050,12115566800.0,sse
2026-05-13,510300,32727187700.0,sse
2026-05-13,510310,26267144000.0,sse
2026-05-13,510330,16756449800.0,sse
2026-05-13,510500,5293768600.0,sse
2026-05-13,512100,3597217600.0,sse
2026-05-13,588000,38207668200.0,sse
2026-05-13,588080,21628628100.0,sse
2026-05-14,510050,11716866800.0,sse
2026-05-14,510300,32091787700.0,sse
2026-05-14,510310,25810844000.0,sse
2026-05-14,510330,16701549800.0,sse
2026-05-14,510500,5030968600.0,sse
2026-05-14,512100,3323217600.0,sse
2026-05-14,588000,37838668200.0,sse
2026-05-14,588080,21514628100.0,sse
2026-05-15,510050,11909466800.0,sse
2026-05-15,510300,32162887700.0,sse
2026-05-15,510310,25719044000.0,sse
2026-05-15,510330,16643049800.0,sse
2026-05-15,510500,5235368600.0,sse
2026-05-15,512100,3463217600.0,sse
2026-05-15,588000,37259668200.0,sse
2026-05-15,588080,21235628100.0,sse
2026-05-18,510050,12234366800.0,sse
2026-05-18,510300,32182687700.0,sse
2026-05-18,510310,25583144000.0,sse
2026-05-18,510330,16657449800.0,sse
2026-05-18,510500,5128168600.0,sse
2026-05-18,512100,3375217600.0,sse
2026-05-18,588000,36290668200.0,sse
2026-05-18,588080,20968628100.0,sse
2026-05-19,510050,11014866800.0,sse
2026-05-19,510300,31662487700.0,sse
2026-05-19,510310,25185344000.0,sse
2026-05-19,510330,16525149800.0,sse
2026-05-19,510500,4712968600.0,sse
2026-05-19,512100,3375217600.0,sse
2026-05-19,588000,35888668200.0,sse
2026-05-19,588080,20728628100.0,sse
2026-05-20,510050,10051866800.0,sse
2026-05-20,510300,31027087700.0,sse
2026-05-20,510310,24927044000.0,sse
2026-05-20,510330,16390149800.0,sse
2026-05-20,510500,4394968600.0,sse
2026-05-20,512100,3041217600.0,sse
2026-05-20,588000,35144668200.0,sse
2026-05-20,588080,20500628100.0,sse
2026-05-21,510050,9796266800.0,sse
2026-05-21,510300,30494287700.0,sse
2026-05-21,510310,24446444000.0,sse
2026-05-21,510330,16056249800.0,sse
2026-05-21,510500,4505368600.0,sse
2026-05-21,512100,3415217600.0,sse
2026-05-21,588000,34898668200.0,sse
2026-05-21,588080,20305628100.0,sse
2026-05-22,510050,9591066800.0,sse
2026-05-22,510300,29795887700.0,sse
2026-05-22,510310,23973944000.0,sse
2026-05-22,510330,15775449800.0,sse
2026-05-22,510500,4782168600.0,sse
2026-05-22,512100,3523217600.0,sse
2026-05-22,588000,34490668200.0,sse
2026-05-22,588080,20140628100.0,sse
2026-05-25,510050,8579466800.000001,sse
2026-05-25,510300,28458487700.0,sse
2026-05-25,510310,22965944000.0,sse
2026-05-25,510330,14652249800.0,sse
2026-05-25,510500,4358168600.0,sse
2026-05-25,512100,3009217600.0,sse
2026-05-25,588000,33230668200.0,sse
2026-05-25,588080,19846628100.0,sse
2026-05-26,510050,8325666800.000001,sse
2026-05-26,510300,28028287700.0,sse
2026-05-26,510310,22320644000.0,sse
2026-05-26,510330,14388549800.0,sse
2026-05-26,510500,4343768600.0,sse
2026-05-26,512100,3113217600.0,sse
2026-05-26,588000,33602668200.0,sse
2026-05-26,588080,19825628100.0,sse
2026-05-27,510050,7809966800.000001,sse
2026-05-27,510300,27896887700.0,sse
2026-05-27,510310,22120844000.0,sse
2026-05-27,510330,14213049800.0,sse
2026-05-27,510500,4354168600.0,sse
2026-05-27,512100,3053217600.0,sse
2026-05-27,588000,33704668200.0,sse
2026-05-27,588080,19990628100.0,sse
2026-05-28,510050,7961166800.000001,sse
2026-05-28,510300,27968887700.0,sse
2026-05-28,510310,22100144000.0,sse
2026-05-28,510330,14228349800.0,sse
2026-05-28,510500,4332168600.0,sse
2026-05-28,512100,2943217600.0,sse
2026-05-28,588000,33035668200.0,sse
2026-05-28,588080,19888628100.0,sse
2026-05-29,510050,7810866800.000001,sse
2026-05-29,510300,27956287700.0,sse
2026-05-29,510310,22109144000.0,sse
2026-05-29,510330,14217549800.0,sse
2026-05-29,510500,4334968600.0,sse
2026-05-29,512100,3621217600.0,sse
2026-05-29,588000,33878668200.0,sse
2026-05-29,588080,20158628100.0,sse
2026-06-01,510050,8451666800.000001,sse
2026-06-01,510300,28199287700.0,sse
2026-06-01,510310,22122644000.0,sse
2026-06-01,510330,14229249800.0,sse
2026-06-01,510500,4585768600.0,sse
2026-06-01,512100,4435217600.0,sse
2026-06-01,588000,34526668200.0,sse
2026-06-01,588080,20254628100.0,sse
2026-06-02,510050,8494866800.000001,sse
2026-06-02,510300,28241587700.0,sse
2026-06-02,510310,22100144000.0,sse
2026-06-02,510330,14249049800.0,sse
2026-06-02,510500,4742968600.0,sse
2026-06-02,512100,4513217600.0,sse
2026-06-02,588000,34397668200.0,sse
2026-06-02,588080,20230628100.0,sse
2026-06-03,510050,8152866800.000001,sse
2026-06-03,510300,28047187700.0,sse
2026-06-03,510310,22049744000.0,sse
2026-06-03,510330,14172549800.0,sse
2026-06-03,510500,4700968600.0,sse
2026-06-03,512100,3727217600.0,sse
2026-06-03,588000,33317668200.0,sse
2026-06-03,588080,19864628100.0,sse
2026-06-04,510050,7852266800.000001,sse
2026-06-04,510300,27859987700.0,sse
2026-06-04,510310,21899444000.0,sse
2026-06-04,510330,14157249800.0,sse
2026-06-04,510500,4672168600.0,sse
2026-06-04,512100,3449217600.0,sse
2026-06-04,588000,32978668200.0,sse
2026-06-04,588080,19648628100.0,sse
2026-06-05,510050,7661466800.000001,sse
2026-06-05,510300,27904987700.0,sse
2026-06-05,510310,21995744000.0,sse
2026-06-05,510330,14173449800.0,sse
2026-06-05,510500,4493368600.0,sse
2026-06-05,512100,3359217600.0,sse
2026-06-05,588000,33464668200.0,sse
2026-06-05,588080,19819628100.0,sse
2026-06-08,510050,8115066800.000001,sse
2026-06-08,510300,28481887700.0,sse
2026-06-08,510310,22299944000.0,sse
2026-06-08,510330,14347149800.0,sse
2026-06-08,510500,4593368600.0,sse
2026-06-08,512100,4223217600.0,sse
2026-06-08,588000,34412668200.0,sse
2026-06-08,588080,20122628100.0,sse
2026-06-09,510050,7625466800.000001,sse
2026-06-09,510300,28331587700.0,sse
2026-06-09,510310,22268444000.0,sse
2026-06-09,510330,14315649800.0,sse
2026-06-09,510500,4379368600.0,sse
2026-06-09,512100,3223217600.0,sse
2026-06-09,588000,33503668200.0,sse
2026-06-09,588080,20032628100.0,sse
2026-06-10,510050,7508466800.000001,sse
2026-06-10,510300,28514287700.0,sse
2026-06-10,510310,22306244000.0,sse
2026-06-10,510330,14328249800.0,sse
2026-06-10,510500,4327368600.0,sse
2026-06-10,512100,3157217600.0,sse
2026-06-10,588000,32975668200.0,sse
2026-06-10,588080,19882628100.0,sse
2026-06-11,510050,7738866800.000001,sse
2026-06-11,510300,28730287700.0,sse
2026-06-11,510310,22319744000.0,sse
2026-06-11,510330,14380449800.0,sse
2026-06-11,510500,4350168600.0,sse
2026-06-11,512100,3299217600.0,sse
2026-06-11,588000,33059668200.0,sse
2026-06-11,588080,19921628100.0,sse
2026-06-12,510050,8164566800.000001,sse
2026-06-12,510300,28624087700.0,sse
2026-06-12,510310,22206344000.0,sse
2026-06-12,510330,14265249800.0,sse
2026-06-12,510500,4453368600.0,sse
2026-06-12,512100,3507217600.0,sse
2026-06-12,588000,33227668200.0,sse
2026-06-12,588080,19876628100.0,sse
2026-06-15,510050,8288766800.000001,sse
2026-06-15,510300,28382887700.0,sse
2026-06-15,510310,21475544000.0,sse
2026-06-15,510330,13777449800.0,sse
2026-06-15,510500,4698568600.0,sse
2026-06-15,512100,3577217600.0,sse
2026-06-15,588000,32876668200.0,sse
2026-06-15,588080,19684628100.0,sse
2026-06-16,510050,8330166800.000001,sse
2026-06-16,510300,27970687700.0,sse
2026-06-16,510310,20565644000.0,sse
2026-06-16,510330,13450749800.0,sse
2026-06-16,510500,4586968600.0,sse
2026-06-16,512100,3191217600.0,sse
2026-06-16,588000,33095668200.0,sse
2026-06-16,588080,19765628100.0,sse
2026-06-17,510050,7759566800.000001,sse
2026-06-17,510300,27082387700.0,sse
2026-06-17,510310,19510844000.0,sse
2026-06-17,510330,13170849800.0,sse
2026-06-17,510500,4578568600.0,sse
2026-06-17,512100,3243217600.0,sse
2026-06-17,588000,32072668200.0,sse
2026-06-17,588080,19711628100.0,sse
2026-06-18,510050,7699266800.000001,sse
2026-06-18,510300,26527087700.0,sse
2026-06-18,510310,19000544000.0,sse
2026-06-18,510330,12889149800.0,sse
2026-06-18,510500,4582168600.0,sse
2026-06-18,512100,3233217600.0,sse
2026-06-18,588000,31235668200.0,sse
2026-06-18,588080,19306628100.0,sse
2026-06-22,510050,7417566800.000001,sse
2026-06-22,510300,26384887700.0,sse
2026-06-22,510310,18380444000.0,sse
2026-06-22,510330,12753249800.0,sse
2026-06-22,510500,4463768600.0,sse
2026-06-22,512100,3179217600.0,sse
2026-06-22,588000,31604668200.0,sse
2026-06-22,588080,19165628100.0,sse
2026-06-23,510050,7343766800.000001,sse
2026-06-23,510300,24676687700.0,sse
2026-06-23,510310,17021444000.0,sse
2026-06-23,510330,11727249800.0,sse
2026-06-23,510500,4325768600.0,sse
2026-06-23,512100,3209217600.0,sse
2026-06-23,588000,31661668200.0,sse
2026-06-23,588080,19051628100.0,sse
2026-06-24,510050,6793866800.000001,sse
2026-06-24,510300,22886587700.0,sse
2026-06-24,510310,15741644000.0,sse
2026-06-24,510330,10534749800.0,sse
2026-06-24,510500,4321368600.0,sse
2026-06-24,512100,3035217600.0,sse
2026-06-24,588000,31202668200.0,sse
2026-06-24,588080,18850628100.0,sse
2026-06-25,510050,6468066800.000001,sse
2026-06-25,510300,20744587700.0,sse
2026-06-25,510310,13868744000.0,sse
2026-06-25,510330,8762649800.0,sse
2026-06-25,510500,4266568600.0,sse
2026-06-25,512100,2967217600.0,sse
2026-06-25,588000,31040668200.0,sse
2026-06-25,588080,18817628100.0,sse
2026-06-26,510050,6387966800.000001,sse
2026-06-26,510300,20800387700.0,sse
2026-06-26,510310,13886744000.0,sse
2026-06-26,510330,8754549800.0,sse
2026-06-26,510500,4176568600.0,sse
2026-06-26,512100,3037217600.0,sse
2026-06-26,588000,30881668200.0,sse
2026-06-26,588080,18685628100.0,sse
2026-06-29,510050,6300666800.000001,sse
2026-06-29,510300,19936387700.0,sse
2026-06-29,510310,13210844000.0,sse
2026-06-29,510330,8274849800.0,sse
2026-06-29,510500,4139368600.0,sse
2026-06-29,512100,3369217600.0,sse
2026-06-29,588000,29804668200.0,sse
2026-06-29,588080,18676628100.0,sse
2026-06-30,510050,6392466800.000001,sse
2026-06-30,510300,18914887700.0,sse
2026-06-30,510310,11600744000.0,sse
2026-06-30,510330,7489149800.0,sse
2026-06-30,510500,4148568600.0,sse
2026-06-30,512100,3077217600.0,sse
2026-06-30,588000,29831668200.0,sse
2026-06-30,588080,18766628100.0,sse
2026-07-01,510050,6388866800.000001,sse
2026-07-01,510300,18395587700.0,sse
2026-07-01,510310,11335244000.0,sse
2026-07-01,510330,7503549800.0,sse
2026-07-01,510500,4108968600.0,sse
2026-07-01,512100,3011217600.0,sse
2026-07-01,588000,29963668200.0,sse
2026-07-01,588080,18874628100.0,sse
2026-07-02,510050,6675966800.000001,sse
2026-07-02,510300,18532387700.0,sse
2026-07-02,510310,10822244000.0,sse
2026-07-02,510330,7554849800.0,sse
2026-07-02,510500,4348568600.0,sse
2026-07-02,512100,3395217600.0,sse
2026-07-02,588000,31130668200.0,sse
2026-07-02,588080,19516628100.0,sse
2026-07-03,510050,6537366800.000001,sse
2026-07-03,510300,17069887700.0,sse
2026-07-03,510310,9175244000.0,sse
2026-07-03,510330,7548549800.0,sse
2026-07-03,510500,4317768600.0,sse
2026-07-03,512100,3453217600.0,sse
2026-07-03,588000,31190668200.0,sse
2026-07-03,588080,19807628100.0,sse
2026-07-06,510050,6405066800.000001,sse
2026-07-06,510300,16821487700.0,sse
2026-07-06,510310,9121244000.0,sse
2026-07-06,510330,7520649800.0,sse
2026-07-06,510500,4376968600.0,sse
2026-07-06,512100,3961217600.0,sse
2026-07-06,588000,31148668200.0,sse
2026-07-06,588080,19957628100.0,sse
2026-07-07,510050,6544566800.000001,sse
2026-07-07,510300,17094187700.0,sse
2026-07-07,510310,9129344000.0,sse
2026-07-07,510330,7514349800.0,sse
2026-07-07,510500,4464968600.0,sse
2026-07-07,512100,4739217600.0,sse
2026-07-07,588000,30917668200.0,sse
2026-07-07,588080,20023628100.0,sse
2026-07-08,510050,6595866800.000001,sse
2026-07-08,510300,17203087700.0,sse
2026-07-08,510310,9169844000.0,sse
2026-07-08,510330,7534149800.0,sse
2026-07-08,510500,4621368600.0,sse
2026-07-08,512100,5789217600.0,sse
2026-07-08,588000,30800668200.0,sse
2026-07-08,588080,20053628100.0,sse
2026-07-09,510050,6586866800.000001,sse
2026-07-09,510300,17214787700.0,sse
2026-07-09,510310,9177944000.0,sse
2026-07-09,510330,7550349800.0,sse
2026-07-09,510500,4680568600.0,sse
2026-07-09,512100,5905217600.0,sse
2026-07-09,588000,31241668200.0,sse
2026-07-09,588080,20137628100.0,sse
2026-07-10,510050,6408666800.000001,sse
2026-07-10,510300,17157187700.0,sse
2026-07-10,510310,9177044000.0,sse
2026-07-10,510330,7578249800.0,sse
2026-07-10,510500,4536568600.0,sse
2026-07-10,512100,5259217600.0,sse
2026-07-10,588000,31733668200.0,sse
2026-07-10,588080,20395628100.0,sse
2026-07-13,510050,6667866800.000001,sse
2026-07-13,510300,18320887700.0,sse
2026-07-13,510310,9428144000.0,sse
2026-07-13,510330,7710549800.0,sse
2026-07-13,510500,5252568600.0,sse
2026-07-13,512100,7121217600.0,sse
2026-07-13,588000,32681668200.0,sse
2026-07-13,588080,20449628100.0,sse
2026-07-14,510050,6852366800.000001,sse
2026-07-14,510300,18481987700.0,sse
2026-07-14,510310,9660344000.0,sse
2026-07-14,510330,7749249800.0,sse
2026-07-14,510500,5478568600.0,sse
2026-07-14,512100,7629217600.0,sse
2026-07-14,588000,33176668200.0,sse
2026-07-14,588080,20716628100.0,sse
2026-07-15,510050,7260066800.000001,sse
2026-07-15,510300,18395587700.0,sse
2026-07-15,510310,9753944000.0,sse
2026-07-15,510330,7765449800.0,sse
2026-07-15,510500,5436568600.0,sse
2026-07-15,512100,7545217600.0,sse
2026-07-15,588000,33857668200.0,sse
2026-07-15,588080,21097628100.0,sse
2026-07-16,510050,8150166800.000001,sse
2026-07-16,510300,19701487700.0,sse
2026-07-16,510310,9969944000.0,sse
2026-07-16,510330,7889649800.0,sse
2026-07-16,510500,5722168600.0,sse
2026-07-16,512100,8705217600.0,sse
2026-07-16,588000,34646668200.0,sse
2026-07-16,588080,21286628100.0,sse
2026-07-17,510050,8237466800.000001,sse
2026-07-17,510300,21716587700.0,sse
2026-07-17,510310,10621544000.0,sse
2026-07-17,510330,8252349800.0,sse
2026-07-17,510500,5923768600.0,sse
2026-07-17,512100,9741217600.0,sse
2026-07-17,588000,37424668200.0,sse
2026-07-17,588080,22051628100.0,sse
2026-07-20,510050,8322066800.000001,sse
2026-07-20,510300,24421987700.0,sse
2026-07-20,510310,11019344000.0,sse
2026-07-20,510330,8386449800.0,sse
2026-07-20,510500,6172568600.0,sse
2026-07-20,512100,10447217600.0,sse
2026-07-20,588000,45053668200.0,sse
2026-07-20,588080,22666628100.0,sse
2026-07-21,510050,7476066800.000001,sse
2026-07-21,510300,24357187700.0,sse
2026-07-21,510310,11144444000.0,sse
2026-07-21,510330,8402649800.0,sse
2026-07-21,510500,6140568600.0,sse
2026-07-21,512100,10693217600.0,sse
2026-07-21,588000,45512668200.0,sse
2026-07-21,588080,22612628100.0,sse
2026-07-22,510050,7475166800.000001,sse
2026-07-22,510300,24044887700.0,sse
2026-07-22,510310,11163344000.0,sse
2026-07-22,510330,8380149800.0,sse
2026-07-22,510500,5786968600.0,sse
2026-07-22,512100,8671217600.0,sse
2026-07-22,588000,44360668200.0,sse
2026-07-22,588080,22537628100.0,sse
2026-07-23,510050,7829766800.000001,sse
2026-07-23,510300,24026887700.0,sse
2026-07-23,510310,11184944000.0,sse
2026-07-23,510330,8468349800.0,sse
2026-07-23,510500,5733768600.0,sse
2026-07-23,512100,8625217600.0,sse
2026-07-23,588000,46145668200.0,sse
2026-07-23,588080,22837628100.0,sse
2026-07-24,510050,7440066800.000001,sse
2026-07-24,510300,24380587700.0,sse
2026-07-24,510310,11281244000.0,sse
2026-07-24,510330,8532249800.0,sse
2026-07-24,510500,5680568600.0,sse
2026-07-24,512100,8381217600.0,sse
2026-07-24,588000,45560668200.0,sse
2026-07-24,588080,22735628100.0,sse
2026-07-27,510050,7619166800.000001,sse
2026-07-27,510300,24641587700.0,sse
2026-07-27,510310,11356844000.0,sse
2026-07-27,510330,8594349800.0,sse
2026-07-27,510500,6136568600.0,sse
2026-07-27,512100,9413217600.0,sse
2026-07-27,588000,46094668200.0,sse
2026-07-27,588080,22864628100.0,sse
2026-07-28,510050,7530966800.000001,sse
2026-07-28,510300,25334587700.0,sse
2026-07-28,510310,11460344000.0,sse
2026-07-28,510330,8615949800.0,sse
2026-07-28,510500,5654168600.0,sse
2026-07-28,512100,9051217600.0,sse
2026-07-28,588000,48173668200.0,sse
2026-07-28,588080,23281628100.0,sse
2026-07-29,510050,7340166800.000001,sse
2026-07-29,510300,25947487700.0,sse
2026-07-29,510310,11574644000.0,sse
2026-07-29,510330,8649249800.0,sse
2026-07-29,510500,6234968600.0,sse
2026-07-29,512100,11055217600.0,sse
2026-07-29,588000,50474668200.0,sse
2026-07-29,588080,23866628100.0,sse
2026-07-30,510050,7144866800.000001,sse
2026-07-30,510300,26483887700.0,sse
2026-07-30,510310,11658344000.0,sse
2026-07-30,510330,8712249800.0,sse
2026-07-30,510500,5988168600.0,sse
2026-07-30,512100,11331217600.0,sse
2026-07-30,588000,53900668200.0,sse
2026-07-30,588080,24766628100.0,sse
2026-07-31,510050,7214166800.000001,sse
2026-07-31,510300,26466787700.0,sse
2026-07-31,510310,11662844000.0,sse
2026-07-31,510330,8714049800.0,sse
2026-07-31,510500,6188168600.0,sse
2026-07-31,512100,11401217600.0,sse
2026-07-31,588000,51434668200.0,sse
2026-07-31,588080,24250628100.0,sse
2026-08-03,510050,7677666800.000001,sse
2026-08-03,510300,27058087700.0,sse
2026-08-03,510310,11796044000.0,sse
2026-08-03,510330,8785149800.0,sse
2026-08-03,510500,6311768600.0,sse
2026-08-03,512100,11741217600.0,sse
2026-08-03,588000,53840668200.0,sse
2026-08-03,588080,25030628100.0,sse
2026-08-04,510050,7635366800.000001,sse
2026-08-04,510300,26530687700.0,sse
2026-08-04,510310,11716844000.0,sse
2026-08-04,510330,8762649800.0,sse
2026-08-04,510500,6252968600.0,sse
2026-08-04,512100,12251217600.0,sse
2026-08-04,588000,52859668200.0,sse
2026-08-04,588080,24799628100.0,sse
2026-08-05,510050,7147566800.000001,sse
2026-08-05,510300,25937587700.0,sse
2026-08-05,510310,11607944000.0,sse
2026-08-05,510330,8718549800.0,sse
2026-08-05,510500,6104968600.0,sse
2026-08-05,512100,11873217600.0,sse
2026-08-05,588000,50768668200.0,sse
2026-08-05,588080,24259628100.0,sse
2026-08-06,510050,7107966800.000001,sse
2026-08-06,510300,25705387700.0,sse
2026-08-06,510310,11631344000.0,sse
2026-08-06,510330,8737449800.0,sse
2026-08-06,510500,5732168600.0,sse
2026-08-06,512100,10557217600.0,sse
2026-08-06,588000,50288668200.0,sse
2026-08-06,588080,24079628100.0,sse
2026-08-07,510050,6894666800.000001,sse
2026-08-07,510300,25128487700.0,sse
2026-08-07,510310,11559344000.0,sse
2026-08-07,510330,8726649800.0,sse
2026-08-07,510500,5572568600.0,sse
2026-08-07,512100,8957217600.0,sse
2026-08-07,588000,49250668200.0,sse
2026-08-07,588080,23704628100.0,sse
2026-08-10,510050,6778566800.000001,sse
2026-08-10,510300,24861187700.0,sse
2026-08-10,510310,11526044000.0,sse
2026-08-10,510330,8723049800.0,sse
2026-08-10,510500,5366168600.0,sse
2026-08-10,512100,8029217600.0,sse
2026-08-10,588000,49574668200.0,sse
2026-08-10,588080,23785628100.0,sse
2026-08-11,510050,7146666800.000001,sse
2026-08-11,510300,24824287700.0,sse
2026-08-11,510310,11519744000.0,sse
2026-08-11,510330,8715849800.0,sse
2026-08-11,510500,5319368600.0,sse
2026-08-11,512100,7799217600.0,sse
2026-08-11,588000,49364668200.0,sse
2026-08-11,588080,23800628100.0,sse
2026-08-12,510050,7004466800.000001,sse
2026-08-12,510300,24168187700.0,sse
2026-08-12,510310,11436044000.0,sse
2026-08-12,510330,8658249800.0,sse
2026-08-12,510500,5281768600.0,sse
2026-08-12,512100,7199217600.0,sse
2026-08-12,588000,48722668200.0,sse
2026-08-12,588080,23680628100.0,sse
2026-08-13,510050,6966666800.000001,sse
2026-08-13,510300,23678587700.0,sse
2026-08-13,510310,11375744000.0,sse
2026-08-13,510330,8599749800.0,sse
2026-08-13,510500,5153368600.0,sse
2026-08-13,512100,6887217600.0,sse
2026-08-13,588000,48332668200.0,sse
2026-08-13,588080,23584628100.0,sse
2026-08-14,510050,7081866800.000001,sse
2026-08-14,510300,23501287700.0,sse
2026-08-14,510310,11373944000.0,sse
2026-08-14,510330,8582649800.0,sse
2026-08-14,510500,5092168600.0,sse
2026-08-14,512100,6665217600.0,sse
2026-08-14,588000,48860668200.0,sse
2026-08-14,588080,23722628100.0,sse
2026-08-17,510050,6919866800.000001,sse
2026-08-17,510300,23044087700.0,sse
2026-08-17,510310,11311844000.0,sse
2026-08-17,510330,8537649800.0,sse
2026-08-17,510500,5141768600.0,sse
2026-08-17,512100,6681217600.0,sse
2026-08-17,588000,47030668200.0,sse
2026-08-17,588080,23377628100.0,sse
2026-08-18,510050,6703866800.000001,sse
2026-08-18,510300,22693987700.0,sse
2026-08-18,510310,11228144000.0,sse
2026-08-18,510330,8380149800.0,sse
2026-08-18,510500,4948568600.0,sse
2026-08-18,512100,6277217600.0,sse
2026-08-18,588000,47138668200.0,sse
2026-08-18,588080,23398628100.0,sse
2026-08-19,510050,6940566800.000001,sse
2026-08-19,510300,23858587700.0,sse
2026-08-19,510310,11433344000.0,sse
2026-08-19,510330,8501649800.0,sse
2026-08-19,510500,5164568600.0,sse
2026-08-19,512100,7341217600.0,sse
2026-08-19,588000,49604668200.0,sse
2026-08-19,588080,24286628100.0,sse
2026-08-20,510050,7292466800.000001,sse
2026-08-20,510300,23743387700.0,sse
2026-08-20,510310,11522444000.0,sse
2026-08-20,510330,8501649800.0,sse
2026-08-20,510500,5069768600.0,sse
2026-08-20,512100,6787217600.0,sse
2026-08-20,588000,49868668200.0,sse
2026-08-20,588080,24571628100.0,sse
2026-08-21,510050,7325766800.000001,sse
2026-08-21,510300,23481487700.0,sse
2026-08-21,510310,11458544000.0,sse
2026-08-21,510330,8378349800.0,sse
2026-08-21,510500,5050968600.0,sse
2026-08-21,512100,6571217600.0,sse
2026-08-21,588000,49766668200.0,sse
2026-08-21,588080,24631628100.0,sse
2026-08-24,510050,7521066800.000001,sse
2026-08-24,510300,23809087700.0,sse
2026-08-24,510310,11505344000.0,sse
2026-08-24,510330,8416149800.0,sse
2026-08-24,510500,4926568600.0,sse
2026-08-24,512100,6437217600.0,sse
2026-08-24,588000,51035668200.0,sse
2026-08-24,588080,24982628100.0,sse
2026-08-25,510050,7633566800.000001,sse
2026-08-25,510300,24052987700.0,sse
2026-08-25,510310,11563844000.0,sse
2026-08-25,510330,8437749800.0,sse
2026-08-25,510500,5176168600.0,sse
2026-08-25,512100,6881217600.0,sse
2026-08-25,588000,51773668200.0,sse
2026-08-25,588080,25183628100.0,sse
2026-08-26,510050,7246566800.000001,sse
2026-08-26,510300,23853187700.0,sse
2026-08-26,510310,11572844000.0,sse
2026-08-26,510330,8428749800.0,sse
2026-08-26,510500,5173368600.0,sse
2026-08-26,512100,6623217600.0,sse
2026-08-26,588000,51002668200.0,sse
2026-08-26,588080,24973628100.0,sse
2026-08-27,510050,6909966800.000001,sse
2026-08-27,510300,23578687700.0,sse
2026-08-27,510310,11465744000.0,sse
2026-08-27,510330,8399949800.0,sse
2026-08-27,510500,5406968600.0,sse
2026-08-27,512100,6793217600.0,sse
2026-08-27,588000,50045668200.0,sse
2026-08-27,588080,24658628100.0,sse
2026-08-28,510050,6826266800.000001,sse
2026-08-28,510300,23295187700.0,sse
2026-08-28,510310,11430644000.0,sse
2026-08-28,510330,8392749800.0,sse
2026-08-28,510500,5334168600.0,sse
2026-08-28,512100,6677217600.0,sse
2026-08-28,588000,50336668200.0,sse
2026-08-28,588080,24631628100.0,sse
2026-08-31,510050,6793866800.000001,sse
2026-08-31,510300,23503987700.0,sse
2026-08-31,510310,11469344000.0,sse
2026-08-31,510330,8407149800.0,sse
2026-08-31,510500,5402568600.0,sse
2026-08-31,512100,6547217600.0,sse
2026-08-31,588000,50540668200.0,sse
2026-08-31,588080,24700628100.0,sse
2026-09-01,510050,6533766800.000001,sse
2026-09-01,510300,22999987700.0,sse
2026-09-01,510310,11294744000.0,sse
2026-09-01,510330,8375649800.0,sse
2026-09-01,510500,5189368600.0,sse
2026-09-01,512100,6237217600.0,sse
2026-09-01,588000,51146668200.0,sse
2026-09-01,588080,24898628100.0,sse
2026-09-02,510050,6472566800.000001,sse
2026-09-02,510300,22956787700.0,sse
2026-09-02,510310,11290244000.0,sse
2026-09-02,510330,8352249800.0,sse
2026-09-02,510500,5063368600.0,sse
2026-09-02,512100,6065217600.0,sse
2026-09-02,588000,51419668200.0,sse
2026-09-02,588080,25048628100.0,sse
2026-09-03,510050,6560766800.000001,sse
2026-09-03,510300,23120587700.0,sse
2026-09-03,510310,11296544000.0,sse
2026-09-03,510330,8355849800.0,sse
2026-09-03,510500,5059368600.0,sse
2026-09-03,512100,6111217600.0,sse
2026-09-03,588000,52256668200.0,sse
2026-09-03,588080,25225628100.0,sse
2026-09-04,510050,6810966800.000001,sse
2026-09-04,510300,23377087700.0,sse
2026-09-04,510310,11353244000.0,sse
2026-09-04,510330,8384649800.0,sse
2026-09-04,510500,5219368600.0,sse
2026-09-04,512100,6557217600.0,sse
2026-09-04,588000,54095668200.0,sse
2026-09-04,588080,25624628100.0,sse
2026-09-07,510050,7018866800.000001,sse
2026-09-07,510300,23648887700.0,sse
2026-09-07,510310,11464844000.0,sse
2026-09-07,510330,8435949800.0,sse
2026-09-07,510500,5531368600.0,sse
2026-09-07,512100,6575217600.0,sse
2026-09-07,588000,53534668200.0,sse
2026-09-07,588080,25396628100.0,sse
2026-09-08,510050,6847866800.000001,sse
2026-09-08,510300,23468887700.0,sse
2026-09-08,510310,11396444000.0,sse
2026-09-08,510330,8390049800.0,sse
2026-09-08,510500,5500968600.0,sse
2026-09-08,512100,6439217600.0,sse
2026-09-08,588000,53858668200.0,sse
2026-09-08,588080,25642628100.0,sse
2026-09-09,510050,6846966800.000001,sse
2026-09-09,510300,23185387700.0,sse
2026-09-09,510310,11384744000.0,sse
2026-09-09,510330,8372049800.0,sse
2026-09-09,510500,5380168600.0,sse
2026-09-09,512100,6265217600.0,sse
2026-09-09,588000,54245668200.0,sse
2026-09-09,588080,25816628100.0,sse
2026-09-10,510050,6718266800.000001,sse
2026-09-10,510300,23190787700.0,sse
2026-09-10,510310,11377544000.0,sse
2026-09-10,510330,8362149800.0,sse
2026-09-10,510500,5442968600.0,sse
2026-09-10,512100,6245217600.0,sse
2026-09-10,588000,54758668200.0,sse
2026-09-10,588080,25921628100.0,sse
2026-09-11,510050,7031466800.000001,sse
2026-09-11,510300,23398687700.0,sse
2026-09-11,510310,11347844000.0,sse
2026-09-11,510330,8340549800.0,sse
2026-09-11,510500,5232168600.0,sse
2026-09-11,512100,6087217600.0,sse
2026-09-11,588000,56072668200.0,sse
2026-09-11,588080,26512628100.0,sse
2026-09-14,510050,7046766800.000001,sse
2026-09-14,510300,23403187700.0,sse
2026-09-14,510310,11373944000.0,sse
2026-09-14,510330,8351349800.0,sse
2026-09-14,510500,5295368600.0,sse
2026-09-14,512100,5885217600.0,sse
2026-09-14,588000,56591668200.0,sse
2026-09-14,588080,26713628100.0,sse
2026-09-15,510050,7189866800.000001,sse
2026-09-15,510300,23542687700.0,sse
2026-09-15,510310,11353244000.0,sse
2026-09-15,510330,8339649800.0,sse
2026-09-15,510500,5509768600.0,sse
2026-09-15,512100,5857217600.0,sse
2026-09-15,588000,55643668200.0,sse
2026-09-15,588080,26347628100.0,sse
2026-09-16,510050,7591266800.000001,sse
2026-09-16,510300,23794687700.0,sse
2026-09-16,510310,11342444000.0,sse
2026-09-16,510330,8327049800.0,sse
2026-09-16,510500,5703368600.0,sse
2026-09-16,512100,6449217600.0,sse
2026-09-16,588000,55382668200.0,sse
2026-09-16,588080,26038628100.0,sse
2026-09-17,510050,7790166800.000001,sse
2026-09-17,510300,23701087700.0,sse
2026-09-17,510310,11344244000.0,sse
2026-09-17,510330,8310849800.0,sse
2026-09-17,510500,5690168600.0,sse
2026-09-17,512100,6391217600.0,sse
2026-09-17,588000,55592668200.0,sse
2026-09-17,588080,26053628100.0,sse
2026-09-18,510050,7960266800.000001,sse
2026-09-18,510300,23659687700.0,sse
2026-09-18,510310,11344244000.0,sse
2026-09-18,510330,8317149800.0,sse
2026-09-18,510500,5722568600.0,sse
2026-09-18,512100,6387217600.0,sse
2026-09-18,588000,54998668200.0,sse
2026-09-18,588080,25954628100.0,sse
2026-09-21,510050,7689366800.000001,sse
2026-09-21,510300,23713687700.0,sse
2026-09-21,510310,11376644000.0,sse
2026-09-21,510330,8318949800.0,sse
2026-09-21,510500,5606968600.0,sse
2026-09-21,512100,6299217600.0,sse
2026-09-21,588000,55277668200.0,sse
2026-09-21,588080,25930628100.0,sse
2026-09-22,510050,7476066800.000001,sse
2026-09-22,510300,23737987700.0,sse
2026-09-22,510310,11456744000.0,sse
2026-09-22,510330,8428749800.0,sse
2026-09-22,510500,5718568600.0,sse
2026-09-22,512100,6539217600.0,sse
2026-09-22,588000,54374668200.0,sse
2026-09-22,588080,25780628100.0,sse
2026-09-22,159845,2505425600.0,eastmoney-spot
2026-09-22,159915,19627454976.0,eastmoney-spot
2026-09-22,159919,6445116672.0,eastmoney-spot
2026-09-22,159922,2857676768.0,eastmoney-spot
