date,close,dd,qvix,breadth,rsi,boll_z,turnover,margin,fear,value,composite,nt_intensity,nt_etf_flow,composite_final,multiplier_final
2023-08-23,3696.63,-12.339,19.8908,46.4789,30.209,-2.0093,0.8349,-0.1555,60.7008,88.0812,79.8671,27.9109,,79.8671,1.5
2023-08-24,3723.43,-11.7035,19.1423,46.4789,34.3991,-1.5497,0.8461,-0.2127,57.4295,87.1945,78.265,11.9246,1819343800.0,78.265,1.5
2023-08-25,3709.15,-12.0421,19.2881,45.4225,33.2535,-1.491,0.8519,-0.6609,58.3577,87.5447,78.7886,31.124,4114908800.0,78.7886,1.5
2023-08-28,3752.62,-11.0112,19.17,50.0,39.8236,-1.0039,0.9534,-0.7172,53.1244,84.1863,74.8678,30.8098,8354252600.0,74.8678,1.5
2023-08-29,3790.11,-10.1222,20.0401,52.4648,44.8642,-0.5927,1.0031,-0.6334,50.4624,83.4877,73.5801,33.1455,14739580300.0,73.5801,1.5
2023-08-30,3788.51,-9.8264,20.2,52.1127,44.6921,-0.5361,1.067,-0.7761,50.2806,82.4886,72.8262,17.5504,-453783300.0,72.8262,1.5
2023-08-31,3765.27,-10.3795,18.1591,50.3521,42.1628,-0.676,1.0778,-1.0349,50.0068,82.4115,72.6901,9.5305,-456376400.0,72.6901,1.5
2023-09-01,3791.49,-9.7554,17.71,53.5211,45.884,-0.3329,1.0743,-1.3928,47.1143,80.9311,70.7861,11.8782,-1068704200.0,70.7861,1.5
2023-09-04,3848.95,-8.3878,17.19,58.8028,53.0179,0.4098,1.0204,-1.4976,41.7923,77.6434,66.8881,11.6057,377793600.0,66.8881,1.5
2023-09-05,3820.32,-9.0692,16.92,54.9296,49.5154,0.1811,0.9681,-1.3718,44.5217,79.1056,68.7305,4.0068,-919350600.0,68.7305,1.5
2023-09-06,3812.03,-9.2665,16.74,54.9296,48.5159,0.2006,0.9202,-1.1043,44.6688,79.0461,68.7329,2.7929,600329900.0,68.7329,1.5
2023-09-07,3758.47,-10.5414,17.39,50.3521,42.5414,-0.5889,0.9063,-1.1885,50.3724,81.3074,72.0269,18.0657,-1743581000.0,72.0269,1.5
2023-09-08,3739.99,-10.9812,17.93,48.9437,40.68,-0.8831,0.8924,-1.1171,52.4991,82.0011,73.1505,7.5441,-1585042200.0,73.1505,1.5
2023-09-11,3767.54,-10.3255,17.71,51.7606,44.5736,-0.2099,0.8831,0.5977,47.3361,80.9021,70.8323,0.0,-1108843300.0,70.8323,1.5
2023-09-12,3760.6,-10.4907,17.02,49.8246,43.7938,-0.2912,0.8616,1.1887,47.2745,81.3302,71.1135,0.0,-591685600.0,71.1135,1.5
2023-09-13,3736.65,-11.0607,17.0,48.4211,41.1202,-0.7996,0.8451,1.6884,49.13,82.2476,72.3123,8.8643,-2646907900.0,72.3123,1.5
2023-09-14,3733.51,-11.1355,17.39,47.0175,40.7688,-0.7979,0.8224,1.7439,50.1008,82.0489,72.4645,4.1568,-1515865500.0,72.4645,1.5
2023-09-15,3708.78,-11.7241,16.84,45.614,38.0134,-1.3066,0.8321,2.1686,51.5521,82.7619,73.3989,8.7302,-124384500.0,73.3989,1.5
2023-09-18,3727.71,-11.2735,17.05,45.614,41.2847,-0.8159,0.8001,2.4083,49.5847,82.0015,72.2765,7.8898,4357393500.0,72.2765,1.5
2023-09-19,3720.5,-11.4451,16.77,43.1579,40.4099,-0.9306,0.7838,2.4008,50.5762,81.6971,72.3608,0.4704,1126615800.0,72.3608,1.5
2023-09-20,3705.69,-11.7976,16.69,42.807,38.6007,-1.3351,0.7559,2.5958,52.2526,82.2222,73.2313,3.1461,2690065700.0,73.2313,1.5
2023-09-21,3672.44,-12.589,17.22,41.7544,34.8304,-1.9371,0.7366,2.8115,55.8017,83.8604,75.4428,8.0706,1556228200.0,75.4428,1.5
2023-09-22,3738.93,-11.0065,16.78,49.1228,46.1562,-0.4329,0.7465,3.5182,45.5996,80.7591,70.2112,22.3722,4907781400.0,70.2112,1.5
2023-09-25,3714.6,-11.5856,16.74,44.5614,43.1978,-0.9472,0.7517,3.3275,48.85,81.5223,71.7206,0.0,-826000700.0,71.7206,1.5
2023-09-26,3692.89,-12.1023,17.29,43.1579,40.6915,-1.3031,0.7592,3.1025,51.6147,82.5702,73.2835,7.9463,2595197200.0,73.2835,1.5
2023-09-27,3700.5,-11.9212,17.23,41.0526,41.9626,-1.022,0.792,3.1774,50.6233,82.5651,72.9826,9.7426,1969148900.0,72.9826,1.5
2023-09-28,3689.52,-12.1825,16.989,41.0526,40.6102,-1.1481,0.8235,2.191,51.804,83.2525,73.818,6.9222,1803238600.0,73.818,1.5
2023-10-09,3684.73,-12.2965,16.09,42.807,40.0045,-1.1325,0.824,3.3359,49.4719,83.3895,73.2142,0.0,-468029800.0,73.2142,1.5
2023-10-10,3657.13,-12.9535,15.97,39.6491,36.6156,-1.6965,0.8365,3.4994,52.5286,84.5859,74.9687,6.5305,1977563900.0,74.9687,1.5
2023-10-11,3667.55,-12.7054,15.49,41.958,38.726,-1.3945,0.8756,3.7366,49.4576,83.9667,73.614,0.0,-1589467700.0,73.614,1.5
2023-10-12,3702.38,-11.8764,15.09,43.007,45.2841,-0.3785,0.9012,3.86,44.1664,82.0217,70.6651,0.0,-861405300.0,70.6651,1.5
2023-10-13,3663.41,-12.804,15.46,38.4615,40.1113,-1.4872,0.9215,3.8933,49.783,83.5764,73.4384,7.1808,2099206000.0,73.4384,1.5
2023-10-16,3626.6,-13.6801,16.67,38.1119,35.9356,-2.211,0.9307,4.4819,54.0499,84.8301,75.596,0.0,-523146000.0,75.596,1.5
2023-10-17,3639.4,-13.3755,16.19,40.2098,38.3394,-1.6872,0.9212,2.7409,52.1946,83.6673,74.2255,0.0,-1709278800.0,74.2255,1.5
2023-10-18,3610.58,-14.0614,16.25,36.9338,35.1421,-2.202,0.9039,2.0903,56.5548,84.5535,76.1539,6.8955,376456600.0,76.1539,1.5
2023-10-19,3533.54,-15.8951,18.06,34.4948,28.3388,-3.0467,0.8988,1.7868,62.402,88.2899,80.5235,4.053,-1527927800.0,80.5235,2.0
2023-10-20,3510.59,-16.4414,18.98,31.0105,26.6817,-2.6853,0.8806,1.4637,65.0634,89.9252,82.4667,3.4728,-1860565200.0,82.4667,2.0
2023-10-23,3474.24,-17.3066,19.78,27.4306,24.2618,-2.5498,0.8597,1.3289,67.6463,91.7337,84.5075,39.2007,4156894900.0,84.5075,2.0
2023-10-24,3487.13,-16.9998,18.43,28.8194,26.7972,-2.007,0.875,1.225,63.1192,91.3677,82.8931,18.9531,3536010000.0,82.8931,2.0
2023-10-25,3504.46,-16.5873,16.85,31.1419,30.1813,-1.5762,0.8994,1.2877,58.6072,91.5542,81.6701,2.2337,236840300.0,81.6701,2.0
2023-10-26,3514.14,-16.3569,16.3777,32.1799,32.0702,-1.3065,0.9061,1.2867,56.5042,90.2441,80.1222,8.1465,2205700700.0,80.1222,2.0
2023-10-27,3562.39,-15.2084,15.8474,34.2561,40.6848,-0.6665,0.9584,1.0694,51.3004,88.5667,77.3868,0.7516,201196000.0,77.3868,1.5
2023-10-30,3583.77,-14.6996,16.29,36.3322,44.0695,-0.3394,1.0293,1.684,48.4569,87.6229,75.8731,0.0,-632024800.0,75.8731,1.5
2023-10-31,3572.51,-14.9676,16.33,34.6021,42.6879,-0.4079,1.0547,1.6229,49.3417,87.4463,76.0149,0.7067,185323800.0,76.0149,1.5
2023-11-01,3571.03,-15.0028,16.14,33.91,42.4993,-0.3597,1.0402,1.8625,49.1615,87.3401,75.8865,0.0,-2380769100.0,75.8865,1.5
2023-11-02,3554.19,-15.4036,15.93,32.1799,40.3167,-0.5107,1.0235,1.5827,50.7129,88.3702,77.073,7.1391,1854957900.0,77.073,1.5
2023-11-03,3584.14,-14.6908,15.45,33.564,45.6616,-0.0157,0.9882,2.4614,46.7877,87.1193,75.0198,11.219,2884552400.0,75.0198,1.5
2023-11-06,3632.61,-13.5371,16.39,36.2069,52.9976,0.7774,0.9935,2.2801,43.4432,85.7788,73.0782,0.0,-853308300.0,73.0782,1.5
2023-11-07,3619.76,-13.8429,16.28,36.2069,51.0306,0.6229,1.0102,2.2264,44.1226,86.2186,73.5898,0.0,-490208800.0,73.5898,1.5
2023-11-08,3611.07,-14.0498,16.14,35.5172,49.6876,0.5538,1.0606,2.3413,44.1886,86.9433,74.1169,0.0,-2970271900.0,74.1169,1.5
2023-11-09,3612.83,-14.0079,16.18,34.8276,49.9747,0.7376,1.1046,2.172,43.7519,86.5107,73.6831,0.0,-80747900.0,73.6831,1.5
2023-11-10,3586.49,-14.6348,16.25,33.4483,45.7648,0.3422,1.1095,2.2308,46.0932,87.5687,75.1261,0.0,-835953300.0,75.1261,1.5
2023-11-13,3579.41,-14.8033,16.67,35.5172,44.6754,0.2554,1.0659,2.3169,46.6887,87.9022,75.5381,2.5457,633904100.0,75.5381,1.5
2023-11-14,3582.06,-14.7403,16.39,35.5172,45.2012,0.3939,1.0432,2.6305,45.8351,87.5746,75.0527,0.0,-267504400.0,75.0527,1.5
2023-11-15,3607.25,-14.1407,15.92,36.5517,50.06,0.9613,1.0331,2.9871,42.2791,86.274,73.0755,0.0,-691305100.0,73.0755,1.5
2023-11-16,3572.36,-14.9711,15.9,34.8276,44.2126,0.1409,1.0084,3.0149,46.2588,87.8573,75.3778,0.0,-1449940600.0,75.3778,1.5
2023-11-17,3568.07,-15.0733,15.35,35.5172,43.5392,-0.0218,1.0082,3.1922,45.9027,88.3372,75.6068,10.8029,1899818400.0,75.6068,1.5
2023-11-20,3576.32,-14.8769,14.2,36.8966,45.2658,0.061,1.0209,3.7565,42.8545,87.8875,74.3776,3.0558,733110700.0,74.3776,1.5
2023-11-21,3581.07,-14.7638,14.86,35.8621,46.2843,0.0746,1.044,3.6611,43.6288,87.4333,74.292,5.2146,1239801100.0,74.292,1.5
2023-11-22,3544.42,-15.6362,15.12,32.7586,40.0861,-1.3684,1.0195,3.6458,50.111,88.7547,77.1616,4.508,1062663000.0,77.1616,1.5
2023-11-23,3561.52,-15.2292,14.6,35.3952,43.8634,-0.9705,1.0146,3.7,46.5771,87.7321,75.3856,0.0,-56556300.0,75.3856,1.5
2023-11-24,3538.01,-15.7887,15.0,31.1644,40.1185,-1.8302,1.0127,3.5367,51.9462,88.6488,77.638,0.0,-2576482800.0,77.638,1.5
2023-11-27,3511.94,-16.4092,15.67,32.5342,36.4066,-2.3361,0.9908,2.9765,55.937,89.9549,79.7496,0.0,-232412900.0,79.7496,1.5
2023-11-28,3518.52,-16.2526,15.27,32.8767,37.9667,-1.8267,0.9399,2.83,53.5226,90.0276,79.0761,2.571,594859200.0,79.0761,1.5
2023-11-29,3488.31,-16.9717,15.6,30.8219,33.8597,-2.2718,0.9178,2.7264,57.4841,91.5832,81.3535,5.9598,1282633800.0,81.3535,2.0
2023-11-30,3496.2,-16.7839,15.32,34.2466,35.8126,-1.8095,0.9066,2.6961,54.0967,90.9063,79.8634,2.9252,434235000.0,79.8634,1.5
2023-12-01,3482.88,-17.1009,15.46,34.589,33.9881,-1.8356,0.9115,2.9429,54.4341,91.4284,80.3301,34.1264,4729678600.0,80.3301,2.0
2023-12-04,3460.14,-17.6422,16.23,34.589,31.0772,-2.0426,0.9166,2.4291,57.0973,92.3859,81.7993,0.0,-46315600.0,81.7993,2.0
2023-12-05,3394.26,-19.2103,18.09,27.0548,24.5241,-2.6802,0.9276,2.0318,64.8288,94.1262,85.337,1.3144,107108700.0,85.337,2.0
2023-12-06,3399.6,-19.0832,17.09,25.6849,25.8883,-2.1638,0.9369,1.5873,62.7213,94.0499,84.6513,0.0,-1346223900.0,84.6513,2.0
2023-12-07,3391.28,-19.2812,17.01,27.7397,25.1263,-1.9774,0.9473,1.5931,61.3766,94.1687,84.3311,5.036,782985300.0,84.3311,2.0
2023-12-08,3399.46,-19.0865,16.72,30.137,27.3892,-1.6294,0.9765,1.4026,58.8539,94.0519,83.4925,0.0,-1016261200.0,83.4925,2.0
2023-12-11,3419.45,-18.6107,17.35,33.4471,32.739,-1.2082,0.9904,1.2519,56.0683,93.7664,82.457,35.4623,3194739400.0,82.457,2.0
2023-12-12,3426.8,-18.4357,16.85,32.4232,34.6456,-0.9996,0.9836,1.0633,54.943,93.6614,82.0459,9.1431,1426818200.0,82.0459,2.0
2023-12-13,3369.61,-19.797,17.31,30.7167,27.9957,-1.6358,0.9729,0.9052,59.6651,94.4782,84.0343,4.6268,719398700.0,84.0343,2.0
2023-12-14,3351.96,-20.2171,17.31,29.0102,26.3168,-1.667,0.9553,0.7122,60.9048,94.6847,84.5507,4.5465,704991200.0,84.5507,2.0
2023-12-15,3341.55,-20.4649,17.5,26.6212,25.3512,-1.6092,0.904,0.6406,62.2276,94.7813,85.0152,1.1416,-255710500.0,85.0152,2.0
2023-12-18,3329.37,-20.7548,18.02,26.6212,24.2309,-1.5943,0.8547,-0.0029,63.9276,94.8944,85.6043,27.1542,2991478000.0,85.6043,2.0
2023-12-19,3334.04,-20.6436,17.5,25.9386,25.5887,-1.4112,0.8223,0.0387,62.9387,94.851,85.2773,40.1398,5484705200.0,85.2773,2.0
2023-12-20,3297.5,-21.5133,18.62,25.256,22.2318,-1.6983,0.7995,-0.2771,66.325,95.1902,86.5306,26.8845,3040240300.0,86.5306,2.0
2023-12-21,3330.87,-20.7191,17.96,26.2799,31.119,-1.1672,0.7991,-0.2435,61.7284,94.8804,84.9348,46.6886,6282072800.0,84.9348,2.0
2023-12-22,3337.23,-20.5677,17.19,25.256,32.6976,-0.9949,0.8099,-0.4257,60.3939,94.8214,84.4932,49.8437,6693414600.0,84.4932,2.0
2023-12-25,3347.45,-20.3244,16.72,25.256,35.265,-0.7629,0.7911,-0.5139,58.9512,94.7265,83.9939,25.3186,3223938000.0,83.9939,2.0
2023-12-26,3324.79,-20.8638,16.98,23.6301,32.321,-1.048,0.7841,-0.6886,61.3117,94.9369,84.8493,23.5085,2484258500.0,84.8493,2.0
2023-12-27,3336.36,-20.5884,17.34,27.0548,35.2914,-0.7739,0.7783,-0.7498,59.4263,94.8295,84.2085,8.8395,507833000.0,84.2085,2.0
2023-12-28,3414.54,-18.7276,18.4,28.4247,50.9554,0.831,0.813,-0.3788,51.7907,93.8365,81.2228,49.5075,6730038600.0,81.2228,2.0
2023-12-29,3431.11,-18.3332,16.2524,29.4521,53.5234,1.3617,0.8223,-0.822,47.5755,93.5999,79.7926,51.8758,8891409600.0,79.7926,1.5
2024-01-02,3386.35,-19.3985,16.45,28.4247,46.4485,0.4692,0.8629,-0.5723,51.6449,94.2391,81.4608,2.0115,-1843048800.0,81.4608,2.0
2024-01-03,3378.3,-19.5901,16.36,28.4247,45.289,0.2847,0.892,-0.4905,51.9793,94.3541,81.6416,3.5496,-19201200.0,81.6416,2.0
2024-01-04,3347.05,-20.3339,16.98,27.0548,41.0093,-0.4678,0.9001,-0.3775,55.6147,94.7302,82.9956,18.547,-1260389200.0,82.9956,2.0
2024-01-05,3329.11,-20.7609,17.52,25.3425,38.7458,-0.8541,0.8655,-0.9905,58.9088,94.8968,84.1004,14.851,-1314908400.0,84.1004,2.0
2024-01-08,3286.06,-21.7856,17.34,22.6027,33.9089,-1.7301,0.8275,-0.7416,63.299,95.2964,85.6972,28.0479,1494641600.0,85.6972,2.0
2024-01-09,3292.5,-21.6323,18.83,22.6027,35.2118,-1.4314,0.8013,-1.165,64.1447,95.2366,85.909,24.1675,2542288700.0,85.909,2.0
2024-01-10,3277.13,-21.9982,18.83,21.9178,33.5137,-1.6777,0.7803,-1.4895,65.9731,95.3793,86.5574,4.8597,245853200.0,86.5574,2.0
2024-01-11,3295.67,-21.5569,18.67,21.2329,37.4334,-1.0836,0.7888,-1.562,63.1889,95.2072,85.6017,16.5817,2340550400.0,85.6017,2.0
2024-01-12,3284.17,-21.8306,18.76,20.5479,36.0151,-1.2397,0.7755,-1.7444,64.5729,95.3139,86.0916,0.0,-731308200.0,86.0916,2.0
2024-01-15,3280.92,-21.908,18.1,21.9178,35.6045,-1.1978,0.7654,-1.5945,63.4654,95.3441,85.7805,1.0469,-658256400.0,85.7805,2.0
2024-01-16,3300.88,-21.4329,17.41,23.6301,40.1195,-0.688,0.7684,-1.6266,59.8456,95.1588,84.5649,49.7968,6678226100.0,84.5649,2.0
2024-01-17,3229.08,-23.1418,19.73,21.5753,31.55,-1.9844,0.7669,-1.7298,68.7263,95.8253,87.6956,51.4707,6317589200.0,87.6956,2.0
2024-01-18,3274.73,-22.0553,20.02,21.5753,40.2836,-1.0015,0.8019,-1.8919,63.66,95.4016,85.8791,80.6516,18956398400.0,85.8791,2.0
2024-01-19,3269.78,-22.1731,18.76,21.9178,39.6923,-1.0119,0.7999,-2.4409,63.0291,95.4475,85.722,67.1073,16437313000.0,85.722,2.0
2024-01-22,3218.9,-23.3842,22.51,17.1233,34.1437,-1.7436,0.842,-2.9063,71.4238,95.9198,88.571,86.0126,29322543300.0,88.571,2.0
2024-01-23,3231.93,-23.074,20.23,17.8082,36.5884,-1.3467,0.8464,-3.1627,67.7693,95.7989,87.39,13.5818,1986181800.0,87.39,2.0
2024-01-24,3277.11,-21.9986,19.23,21.5753,44.3082,-0.5179,0.876,-3.1637,61.3652,95.3795,85.1752,33.2721,7534264200.0,85.1752,2.0
2024-01-25,3342.92,-20.4322,18.0217,26.7123,53.2384,0.6115,0.8822,-2.9661,53.6696,94.7686,82.4389,10.9685,2133176700.0,82.4389,2.0
2024-01-26,3333.82,-20.6488,17.04,27.0548,51.9968,0.5737,0.9191,-3.4725,53.2057,94.853,82.3588,34.9407,9294082300.0,82.3588,2.0
2024-01-29,3303.96,-21.3596,18.38,26.3699,48.0379,0.1568,0.921,-3.2552,56.488,95.1302,83.5376,11.3751,141480800.0,83.5376,2.0
2024-01-30,3245.04,-22.762,19.49,23.9726,41.3482,-1.107,0.9117,-4.107,63.7852,95.6772,86.1096,32.5472,5787340400.0,86.1096,2.0
2024-01-31,3215.35,-23.4686,21.55,22.9452,38.443,-1.7347,0.9097,-5.3858,69.669,95.9528,88.0676,52.3214,9149765600.0,88.0676,2.0
2024-02-01,3217.71,-23.4125,21.77,23.2877,38.811,-1.5302,0.8677,-6.2416,70.1608,95.9309,88.1998,37.1677,9385125400.0,88.1998,2.0
2024-02-02,3179.63,-24.3188,23.61,22.9452,35.1584,-2.1553,0.8628,-7.5867,76.0893,96.2844,90.2258,62.9696,11656940000.0,90.2258,2.0
2024-02-05,3200.42,-23.7256,25.92,23.9726,38.5582,-1.4612,0.8799,-10.1093,74.5302,96.053,89.5962,94.4368,35093649700.0,89.5962,2.0
2024-02-06,3311.69,-21.0738,24.39,28.7671,52.8172,1.07,0.9411,-10.8775,61.9165,95.0188,85.0881,35.2588,9594356000.0,85.0881,2.0
2024-02-07,3343.63,-20.0309,21.3,29.6928,55.9756,1.6025,1.0015,-11.5607,56.3177,94.612,83.1237,65.6523,29255260400.0,83.1237,2.0
2024-02-08,3364.93,-19.1517,20.84,29.3515,57.9949,1.8163,1.0735,-12.6826,54.3296,94.091,82.1626,45.6609,18874287900.0,82.1626,2.0
2024-02-19,3403.81,-18.2176,20.74,33.4471,61.4691,2.1415,1.1079,-11.4165,50.7992,92.4119,79.9281,20.6646,4240873700.0,79.9281,2.0
2024-02-20,3410.85,-18.0484,19.36,36.5188,62.0807,1.9289,1.0877,-11.086,49.5895,92.1172,79.3589,1.0446,-794632000.0,79.3589,2.0
2024-02-21,3456.87,-16.9427,18.99,36.5188,65.8918,2.1775,1.0997,-10.5915,47.1165,90.0314,77.157,6.8626,3030620700.0,77.157,2.0
2024-02-22,3486.67,-16.2267,19.72,39.2491,68.1258,2.1321,1.054,-10.1904,47.079,88.4272,76.0228,0.0,-1041192400.0,76.0228,1.5
2024-02-23,3489.74,-16.1529,20.4,39.9317,68.3557,1.8542,1.0323,-9.4999,48.6319,88.4166,76.4812,0.0,-1724664900.0,76.4812,1.5
2024-02-26,3453.36,-17.027,20.25,36.8601,62.5931,1.3144,1.0393,-8.5134,52.4106,91.2608,79.6058,0.0,-3979564200.0,79.6058,1.5
2024-02-27,3494.79,-16.0316,19.84,40.9556,66.0982,1.5407,1.0853,-6.8971,47.9803,89.3266,76.9227,0.0,-706227600.0,76.9227,1.5
2024-02-28,3450.26,-17.1015,20.32,36.5188,59.6306,0.9979,1.1712,-6.4416,51.8324,92.2463,80.1221,24.5399,5258829800.0,80.1221,2.0
2024-02-29,3516.08,-15.5201,19.5025,42.3208,65.071,1.4605,1.2236,-5.9641,45.8773,89.5096,76.4199,6.0091,3525649400.0,76.4199,1.5
2024-03-01,3537.8,-14.9982,19.27,45.7338,66.6674,1.4809,1.2537,-6.0725,44.1303,88.3075,75.0543,1.3333,867219200.0,75.0543,1.5
2024-03-04,3540.87,-14.9244,19.47,45.0512,66.8977,1.3505,1.273,-5.1312,43.8155,87.9623,74.7183,0.0,-6282655400.0,74.7183,1.5
2024-03-05,3565.51,-14.3324,18.67,47.4403,68.763,1.3885,1.2891,-5.2116,41.7298,86.8889,73.3412,52.2127,23735862500.0,73.3412,1.5
2024-03-06,3551.05,-14.6799,17.81,45.7338,66.3983,1.1517,1.1907,-4.3693,42.6039,88.5099,74.7381,11.0609,7641575300.0,74.7381,1.5
2024-03-07,3529.72,-15.1923,17.32,43.686,62.959,0.8929,1.173,-3.2571,43.3488,88.7558,75.1337,2.2241,1532615700.0,75.1337,1.5
2024-03-08,3544.91,-14.8274,16.78,45.3925,64.3742,0.9437,1.1278,-2.427,41.4287,87.6674,73.7958,2.6043,1791771300.0,73.7958,1.5
2024-03-11,3589.26,-13.7618,16.96,49.8294,68.1952,1.3244,1.1102,0.068,36.1157,86.1475,71.1379,0.0,-544423300.0,71.1379,1.5
2024-03-12,3597.49,-13.5641,16.97,50.8532,68.8626,1.4538,1.127,3.3607,32.0198,86.3396,70.0437,7.4099,5086710800.0,70.0437,1.5
2024-03-13,3572.36,-14.1678,16.88,48.4642,64.4176,1.0829,1.1545,4.9726,33.1858,87.8331,71.4389,0.0,-84959000.0,71.4389,1.5
2024-03-14,3562.22,-14.4115,16.58,44.7099,62.6601,0.8829,1.1596,6.0446,33.8169,87.8407,71.6336,0.0,-923761700.0,71.6336,1.5
2024-03-15,3569.99,-14.2248,16.5,46.0751,63.4822,0.9556,1.1788,7.3708,31.6062,87.9275,71.0311,0.0,-1403819100.0,71.0311,1.5
2024-03-18,3603.53,-13.4189,16.52,51.1945,66.8731,1.4565,1.2079,7.1553,27.8059,86.9092,69.1782,0.0,-1325419000.0,69.1782,1.5
2024-03-19,3577.63,-14.0412,16.3,49.1468,62.0794,0.9154,1.1905,6.9532,31.3494,88.1449,71.1063,0.0,-2234038000.0,71.1063,1.5
2024-03-20,3585.38,-13.855,16.28,49.3151,62.9356,0.9924,1.1767,7.0252,30.9225,87.021,70.1915,0.1502,104152900.0,70.1915,1.5
2024-03-21,3581.09,-13.9581,16.4,51.3699,62.0997,0.8094,1.1891,6.9818,30.9823,87.4511,70.5104,0.0,-1568593400.0,70.5104,1.5
2024-03-22,3545.0,-14.8252,17.17,48.6301,55.4304,-0.0816,1.2224,6.476,36.5539,88.1505,72.6715,7.0977,1445772900.0,72.6715,1.5
2024-03-25,3525.76,-15.2875,17.16,46.5753,52.2111,-0.7248,1.2004,5.7731,40.2087,88.5189,74.0258,10.0802,-1036327800.0,74.0258,1.5
2024-03-26,3543.75,-14.8553,16.57,48.9726,54.8514,-0.3168,1.1719,4.886,38.4131,87.5358,72.799,5.7321,4025923600.0,72.799,1.5
2024-03-27,3502.79,-15.8394,17.52,45.2055,48.3071,-2.0088,1.1465,4.3761,47.3312,89.5822,76.9069,11.9107,-1420445100.0,76.9069,1.5
2024-03-28,3520.96,-15.4028,16.4044,46.5753,51.0946,-1.3636,1.116,4.2477,43.5192,88.4173,74.9479,0.0,-487650700.0,74.9479,1.5
2024-03-29,3537.48,-15.0059,15.84,47.2603,53.5472,-0.7437,1.0628,3.6958,41.3773,86.4305,72.9146,0.0,-2342649300.0,72.9146,1.5
2024-04-01,3595.65,-13.6083,15.72,52.3973,60.9698,1.2859,1.0522,3.5096,33.2516,83.6894,68.558,5.8226,4131715200.0,68.558,1.5
2024-04-02,3580.68,-13.9679,15.55,49.3151,58.3843,0.7086,1.0548,3.9355,35.8368,84.0144,69.5611,0.0,-1122482700.0,69.5611,1.5
2024-04-03,3567.8,-14.2774,15.72,48.6301,56.177,0.2192,1.0619,3.1042,38.596,84.6508,70.8344,0.0,-2938704100.0,70.8344,1.5
2024-04-08,3536.41,-15.0316,16.14,48.8055,51.1059,-0.9272,1.0624,3.5799,42.4302,85.6718,72.6993,5.7396,-2817176000.0,72.6993,1.5
2024-04-09,3533.49,-15.1018,15.81,48.4642,50.6479,-0.9956,1.0499,3.535,42.6013,86.1829,73.1084,0.4667,333352500.0,73.1084,1.5
2024-04-10,3504.71,-15.7933,15.56,44.0273,46.2484,-1.7576,1.0122,2.75,47.9911,87.0276,75.3166,6.2522,-1009475700.0,75.3166,1.5
2024-04-11,3504.24,-15.8045,15.29,45.0512,46.1779,-1.5844,0.9776,2.1373,47.7802,87.2065,75.3786,1.1816,842082000.0,75.3786,1.5
2024-04-12,3475.84,-16.4869,15.59,44.0273,42.0082,-2.0918,0.9537,1.3999,51.9787,88.6463,77.6461,0.0,-3437230800.0,77.6461,1.5
2024-04-15,3549.08,-14.7272,16.17,49.4881,53.6353,0.059,0.9685,1.1483,42.3795,84.6505,71.9692,0.0,-562242100.0,71.9692,1.5
2024-04-16,3511.11,-15.6395,16.93,46.4164,48.2358,-0.953,1.0043,0.6307,47.8698,86.1751,74.6835,15.0,-312635100.0,74.6835,1.5
2024-04-17,3565.4,-14.3351,16.25,51.5358,55.183,0.7183,1.0264,0.0309,40.5348,83.928,70.9101,1.6178,1164359900.0,70.9101,1.5
2024-04-18,3569.8,-14.2294,17.4,53.9249,55.7019,0.8772,1.0588,-0.0613,40.2373,83.964,70.846,0.3462,248759300.0,70.846,1.5
2024-04-19,3541.66,-14.9055,17.7,51.5358,51.5881,0.0668,1.0713,-0.8231,44.8578,84.4719,72.5876,0.0,-769164200.0,72.5876,1.5
2024-04-22,3530.9,-15.164,16.48,50.0,50.0655,-0.2162,1.0331,-1.1527,45.7819,85.7456,73.7565,0.137,98582500.0,73.7565,1.5
2024-04-23,3506.22,-15.757,16.23,49.6599,46.6635,-0.9819,0.995,-1.2158,48.5831,87.2242,75.6319,3.58,2578438800.0,75.6319,1.5
2024-04-24,3521.62,-15.387,15.81,51.0204,48.9926,-0.4516,0.9682,-1.1663,46.0825,86.018,74.0373,0.7433,521536900.0,74.0373,1.5
2024-04-25,3530.28,-15.1789,16.0,51.3605,50.3067,-0.1364,0.9294,-1.1383,45.3698,85.7251,73.6185,1.1725,807368900.0,73.6185,1.5
2024-04-26,3584.27,-13.8817,15.1978,56.314,57.6349,1.5045,0.9816,-1.105,36.4989,82.669,68.818,14.0702,7743967300.0,68.818,1.5
2024-04-29,3623.91,-12.9293,16.88,59.3857,62.0589,2.2696,1.071,-0.9653,32.4955,81.4732,66.7799,13.8036,7800269700.0,66.7799,1.5
2024-04-30,3604.39,-13.3983,15.91,55.2901,58.8025,1.5228,1.13,-1.4973,36.446,80.7788,67.4789,0.6019,379597800.0,67.4789,1.5
2024-05-06,3657.88,-12.1131,17.0,59.727,64.3265,2.4662,1.2008,-0.9789,30.061,79.008,64.3239,1.0776,180421900.0,64.3239,1.5
2024-05-07,3659.01,-11.2873,16.2,60.0683,64.435,2.1253,1.2466,-0.878,30.2145,78.5686,64.0623,0.0,-2434934300.0,64.0623,1.5
2024-05-08,3630.22,-11.7383,16.04,57.6792,59.4724,1.4041,1.1973,-0.1848,34.225,79.3684,65.8254,4.7377,-3400503600.0,65.8254,1.5
2024-05-09,3664.56,-9.799,15.94,59.727,63.1209,1.7784,1.1266,-0.4886,32.1771,77.2455,63.725,0.0,-772151500.0,63.725,1.5
2024-05-10,3666.28,-9.7567,15.81,59.727,63.2991,1.5873,1.1004,-0.6384,32.9104,77.1016,63.8442,1.5194,-6092434300.0,63.8442,1.5
2024-05-13,3664.69,-9.7958,15.72,60.4096,62.996,1.3972,1.0567,-0.3022,33.2549,77.4406,64.1849,0.0,-3540552800.0,64.1849,1.5
2024-05-14,3657.05,-9.9839,15.86,61.4334,61.473,1.1536,1.0244,-0.0968,34.2346,77.9288,64.8205,0.0,-1954705000.0,64.8205,1.5
2024-05-15,3626.06,-10.7467,16.15,57.3379,55.601,0.5764,1.002,0.0416,38.8827,79.199,67.1041,0.0,-2250796000.0,67.1041,1.5
2024-05-16,3640.36,-10.3947,15.65,58.7031,57.613,0.7481,0.9911,0.3918,36.7667,78.397,65.9079,0.0,-2770940000.0,65.9079,1.5
2024-05-17,3677.97,-9.4689,15.17,61.0922,62.4347,1.2872,0.9861,0.5873,32.6507,76.8566,63.5948,11.1719,4280091000.0,63.5948,1.5
2024-05-20,3690.96,-9.1492,15.46,61.0922,63.9596,1.3567,1.0068,0.4567,32.2995,76.0832,62.9481,0.0,-2147383000.0,62.9481,1.5
2024-05-21,3676.16,-9.5135,14.78,61.4334,60.9251,0.9968,1.0028,0.3973,33.3913,76.5975,63.6356,0.0,-2192783400.0,63.6356,1.5
2024-05-22,3684.45,-8.5263,14.78,62.116,62.0123,1.0342,1.0201,0.845,32.2188,75.8112,62.7334,0.0,-1603999200.0,62.7334,1.5
2024-05-23,3641.79,-9.4213,14.78,57.3379,53.7279,0.2128,1.0203,0.6566,38.0352,77.6553,65.7693,6.8153,43965300.0,65.7693,1.5
2024-05-24,3601.48,-10.4239,14.78,54.6075,47.298,-0.7335,0.9919,0.4157,43.2018,79.3651,68.5161,10.12,3495305700.0,68.5161,1.5
2024-05-27,3635.71,-9.5725,14.78,56.6553,52.4968,-0.1364,0.9409,0.4142,40.1945,77.4282,66.2581,0.0,-2018264100.0,66.2581,1.5
2024-05-28,3609.17,-10.2326,14.78,54.9488,48.5018,-1.2187,0.928,0.4678,44.458,78.514,68.2972,0.0,-1850332000.0,68.2972,1.5
2024-05-29,3613.52,-10.1244,14.78,54.6075,49.1844,-1.2217,0.8995,0.6603,44.4347,78.5484,68.3143,3.9766,1416002300.0,68.3143,1.5
2024-05-30,3594.31,-10.6022,14.78,55.2901,46.2679,-1.7558,0.871,0.2135,47.2079,79.5911,69.8762,3.2882,1158422800.0,69.8762,1.5
2024-05-31,3579.92,-10.9601,14.78,54.2662,44.1557,-2.0607,0.86,0.9703,48.482,80.0817,70.6018,2.4614,803890400.0,70.6018,1.5
2024-06-03,3588.75,-10.7405,14.78,55.9727,45.791,-1.5614,0.873,-0.1416,46.8402,79.5327,69.7249,0.0,-862286000.0,69.7249,1.5
2024-06-04,3615.67,-10.0709,14.4,58.3618,50.5459,-0.675,0.874,-0.5783,42.2753,78.613,67.7117,0.0,-321726200.0,67.7117,1.5
2024-06-05,3594.79,-10.5903,14.47,56.9966,47.0954,-1.2066,0.8698,-0.9051,45.4183,79.6092,69.3519,0.0,-941220900.0,69.3519,1.5
2024-06-06,3592.25,-10.6534,14.85,56.8027,46.6779,-1.1543,0.8987,-1.3436,46.1368,79.4119,69.4294,19.858,1676567400.0,69.4294,1.5
2024-06-07,3574.11,-11.1046,15.16,55.102,43.6989,-1.4862,0.8996,-1.6684,49.1394,79.9864,70.7323,6.6397,415080100.0,70.7323,1.5
2024-06-11,3542.88,-11.8814,15.49,56.4626,39.0752,-1.9934,0.8704,-1.4798,51.7929,81.7726,72.7787,23.7659,4048815400.0,72.7787,1.5
2024-06-12,3544.12,-11.8505,15.13,55.102,39.3496,-1.7097,0.8587,-1.466,51.0378,81.5861,72.4216,4.877,1059374300.0,72.4216,1.5
2024-06-13,3526.13,-12.298,14.61,55.4422,36.7626,-1.8332,0.8746,-1.3045,51.0542,82.1808,72.8428,0.1445,30454700.0,72.8428,1.5
2024-06-14,3541.53,-11.9149,14.21,57.483,40.3763,-1.3413,0.8756,-1.7519,47.8276,81.8012,71.6091,9.93,2093414400.0,71.6091,1.5
2024-06-17,3536.2,-12.0475,15.1,56.4626,39.5342,-1.3225,0.8846,-1.2457,48.9436,82.3399,72.321,10.7558,2280628800.0,72.321,1.5
2024-06-18,3545.59,-11.814,14.27,59.1837,41.8356,-1.0523,0.8933,-1.2306,45.4698,81.77,70.8799,11.0768,2360557400.0,70.8799,1.5
2024-06-19,3528.75,-12.2328,14.24,56.8027,38.9709,-1.342,0.8973,-1.3316,47.909,82.1725,71.8934,0.8688,-114772000.0,71.8934,1.5
2024-06-20,3503.28,-12.8663,14.57,56.4626,35.0605,-1.8781,0.891,-1.6598,51.4518,82.848,73.4291,10.0655,-1321212900.0,73.4291,1.5
2024-06-21,3495.62,-13.0568,14.21,57.1429,33.9569,-1.8586,0.8379,-1.8563,51.5589,82.9987,73.5668,49.9933,6294099500.0,73.5668,1.5
2024-06-24,3476.81,-13.5247,14.55,53.4014,31.3476,-1.9808,0.8258,-1.8009,54.3498,83.768,74.9425,74.1688,12542840500.0,74.9425,2.0
2024-06-25,3457.9,-13.995,15.22,50.6803,28.94,-2.108,0.8059,-2.2229,57.7572,84.6214,76.5621,40.7199,5912202300.0,76.5621,2.0
2024-06-26,3480.26,-13.4389,14.64,54.0816,35.2706,-1.4467,0.7925,-2.2361,52.2686,84.0329,74.5036,12.3206,728273100.0,74.5036,2.0
2024-06-27,3454.12,-14.089,14.4853,53.4014,31.7136,-1.7842,0.7705,-2.4255,54.5776,85.0544,75.9114,42.1439,4209620600.0,75.9114,2.0
2024-06-28,3461.66,-13.9015,13.8552,54.4218,33.7878,-1.4538,0.7919,-2.781,52.035,84.0109,74.4181,22.6739,3533715100.0,74.4181,2.0
2024-07-01,3478.18,-13.4906,13.57,54.7619,38.216,-1.0064,0.7844,-2.6342,48.9549,82.216,72.2376,5.1332,-1815435600.0,72.2376,1.5
2024-07-02,3471.79,-13.6495,13.15,51.7007,37.1802,-1.0339,0.7853,-2.4892,49.6269,81.9557,72.2571,2.0459,-2029135800.0,72.2571,1.5
2024-07-03,3463.41,-13.858,12.87,51.3605,35.8095,-1.1382,0.7721,-2.3211,49.9815,82.4168,72.6862,11.743,1527712000.0,72.6862,1.5
2024-07-04,3445.81,-14.2957,12.96,48.9796,33.0533,-1.4284,0.7633,-2.6917,52.8342,82.7816,73.7974,54.8711,7416205600.0,73.7974,1.5
2024-07-05,3431.06,-14.6626,13.57,48.9796,30.9063,-1.6616,0.7338,-2.6211,55.0658,83.7059,75.1139,40.0242,5900339900.0,75.1139,1.5
2024-07-08,3401.76,-15.3913,14.83,45.9184,27.1357,-2.112,0.7164,-2.5158,59.9962,84.2538,76.9765,34.2113,4642470000.0,76.9765,1.5
2024-07-09,3439.81,-14.4449,14.21,48.6395,37.7559,-1.0852,0.7362,-2.8527,52.6817,82.9118,73.8428,25.1796,4336548800.0,73.8428,1.5
2024-07-10,3428.97,-14.7145,15.0,48.9796,36.1399,-1.2319,0.7604,-3.1096,54.5681,83.6965,74.958,0.8877,248444200.0,74.958,1.5
2024-07-11,3468.17,-13.7396,13.83,52.381,45.264,-0.1904,0.8103,-2.9665,46.5219,82.4535,71.6741,2.8227,66380100.0,71.6741,1.5
2024-07-12,3472.4,-13.6344,13.35,51.0204,46.158,0.0091,0.8388,-3.0172,45.4855,82.347,71.2885,2.6797,-1364142400.0,71.2885,1.5
2024-07-15,3476.25,-13.5386,13.39,50.6803,47.0064,0.221,0.845,-3.3503,45.2181,81.5448,70.6468,28.0132,3343206900.0,70.6468,1.5
2024-07-16,3498.28,-12.9907,13.09,52.7211,51.6964,1.1183,0.8256,-3.5728,41.1535,80.908,68.9816,48.8792,8407858900.0,68.9816,1.5
2024-07-17,3501.58,-12.9086,13.33,53.7415,52.3763,1.4066,0.8256,-3.9081,40.4046,81.3978,69.0998,66.8913,19621855800.0,69.0998,2.0
2024-07-18,3520.93,-12.4273,13.76,56.4626,56.2639,2.0038,0.7981,-4.0427,37.5849,80.0744,67.3275,58.8455,13211864600.0,67.3275,2.0
2024-07-19,3539.02,-11.9774,13.69,56.314,59.5854,2.2767,0.7943,-4.0849,35.5096,79.7848,66.5023,70.0,28166773000.0,66.5023,2.0
2024-07-22,3514.92,-12.5768,13.65,56.6553,53.731,1.3682,0.808,-3.4611,39.3322,81.5991,68.919,27.8487,6681302000.0,68.919,2.0
2024-07-23,3439.88,-14.4432,13.88,51.1945,40.4157,-0.8902,0.8143,-3.2262,50.0449,84.4997,74.1633,18.3772,5709515800.0,74.1633,2.0
2024-07-24,3418.17,-14.9832,14.91,48.8055,37.5189,-1.3802,0.8037,-3.4004,54.5254,84.9553,75.8263,22.3543,5207674800.0,75.8263,2.0
2024-07-25,3399.27,-15.4532,13.35,49.1468,35.1564,-1.7025,0.7846,-3.1873,53.8853,86.5113,76.7235,33.6351,8020056400.0,76.7235,2.0
2024-07-26,3409.29,-15.204,14.83,52.5597,37.4067,-1.3052,0.7697,-2.9921,52.9237,87.2242,76.9341,26.3325,7080993900.0,76.9341,1.5
2024-07-29,3390.74,-15.6654,15.2,49.8294,34.986,-1.5609,0.7531,-2.8364,55.6301,88.019,78.3024,5.6225,2642701800.0,78.3024,1.5
2024-07-30,3369.38,-16.1967,15.54,49.8294,32.3871,-1.782,0.7381,-2.8618,57.452,89.469,79.8639,32.8185,8210105800.0,79.8639,1.5
2024-07-31,3442.08,-14.3885,14.67,54.9488,46.8569,-0.1806,0.8054,-2.4337,45.8828,86.8161,74.5361,25.7708,8294870700.0,74.5361,1.5
2024-08-01,3419.27,-14.9558,14.81,55.2901,43.6971,-0.6406,0.8526,-1.8317,46.9019,87.7613,75.5035,2.2304,1055804800.0,75.5035,1.5
2024-08-02,3384.39,-15.8233,15.72,53.5836,39.3295,-1.2858,0.8808,-1.7835,50.9997,89.4186,77.8929,9.7663,2539689600.0,77.8929,1.5
2024-08-05,3343.32,-16.8448,19.01,47.099,34.9055,-1.9073,0.9317,-1.8436,58.9588,91.4777,81.722,43.746,9279434900.0,81.722,2.0
2024-08-06,3342.98,-16.8533,18.05,47.099,34.8705,-1.6812,0.9457,-1.6985,57.088,91.7824,81.3741,15.7536,3424157500.0,81.3741,2.0
2024-08-07,3341.49,-16.8903,16.44,47.099,34.7064,-1.5284,0.8701,-1.5723,55.5114,91.6814,80.8304,0.0,-660282600.0,80.8304,2.0
2024-08-08,3342.94,-16.8543,15.21,47.7816,35.0269,-1.3443,0.8316,-1.8729,54.0338,91.1054,79.9839,6.3557,2886170800.0,79.9839,1.5
2024-08-09,3331.63,-17.1356,15.08,46.0751,33.6401,-1.3585,0.7945,-1.6747,54.858,91.2588,80.3385,0.0,-1287227900.0,80.3385,2.0
2024-08-12,3325.86,-17.2791,15.05,46.7577,32.9239,-1.2957,0.7234,-1.6373,55.1432,90.7289,80.0532,3.0184,1351997700.0,80.0532,2.0
2024-08-13,3334.39,-17.0669,14.93,47.7816,35.1228,-1.0618,0.6809,-1.5415,53.8206,90.4952,79.4928,3.132,651489800.0,79.4928,1.5
2024-08-14,3309.24,-17.6925,15.21,43.686,31.8115,-1.3066,0.6537,-1.1335,56.8456,91.7357,81.2687,0.0,-418924200.0,81.2687,2.0
2024-08-15,3341.95,-16.8789,15.05,46.0751,39.7655,-0.7418,0.6481,-0.9496,52.371,89.8699,78.6202,38.4139,8627423500.0,78.6202,1.5
2024-08-16,3345.63,-16.7874,14.48,45.3925,40.6049,-0.6308,0.6561,-0.7713,51.0531,89.3516,77.8621,33.7867,8659250300.0,77.8621,1.5
2024-08-19,3356.97,-15.8686,14.19,47.4403,43.2303,-0.318,0.6755,-1.0188,48.6684,88.1339,76.2943,4.162,1849939600.0,76.2943,1.5
2024-08-20,3332.7,-16.2581,14.3,42.6621,39.2332,-0.8607,0.6961,-0.9581,51.9925,89.4093,78.1842,30.7252,4366595100.0,78.1842,1.5
2024-08-21,3321.64,-16.4519,14.2,41.9795,37.5303,-1.064,0.7048,-0.907,52.8516,89.9189,78.7987,24.7954,7724393800.0,78.7987,1.5
2024-08-22,3313.14,-16.6657,14.45,41.7808,36.2288,-1.1789,0.695,-1.309,54.413,90.0584,79.3648,28.7866,7543157100.0,79.3648,1.5
2024-08-23,3327.19,-14.3415,13.94,43.1507,39.9366,-0.7032,0.6755,-1.4775,51.6396,88.5995,77.5115,12.8584,4634922800.0,77.5115,1.5
2024-08-26,3324.22,-13.789,13.88,43.1507,39.4149,-0.7101,0.6651,-1.6354,52.0168,88.6068,77.6298,21.6247,6220122300.0,77.6298,1.5
2024-08-27,3305.33,-14.1239,13.86,41.4384,36.1778,-1.159,0.6541,-1.9242,54.8613,88.0839,78.1171,24.8637,7009938500.0,78.1171,1.5
2024-08-28,3286.5,-14.6131,14.03,41.0959,33.2466,-1.8148,0.6516,-2.4035,58.4021,89.4932,80.1659,38.3216,10501793700.0,80.1659,2.0
2024-08-29,3277.68,-14.8422,14.2941,39.0411,31.9412,-2.2258,0.6667,-2.509,61.0898,91.5053,82.3807,21.5998,7477389100.0,82.3807,2.0
2024-08-30,3321.43,-13.7056,13.6465,43.4932,43.7414,-0.2492,0.758,-2.1538,48.9681,90.8233,78.2668,16.7586,5653791400.0,78.2668,1.5
2024-09-02,3265.01,-15.1714,15.2991,37.3288,35.2528,-2.4656,0.8035,-1.6695,60.9335,91.7028,82.472,2.4252,-1670907900.0,82.472,2.0
2024-09-03,3273.43,-14.9526,14.48,38.8316,37.2111,-1.8147,0.8214,-1.8186,56.3809,91.5716,81.0144,10.7935,2458107400.0,81.0144,2.0
2024-09-04,3252.16,-15.5053,13.05,35.7388,34.3821,-2.1945,0.8381,-1.895,57.4188,91.9032,81.5578,2.4122,1049233600.0,81.5578,2.0
2024-09-05,3257.76,-15.3598,14.53,35.7388,35.7667,-1.7403,0.8208,-1.8231,57.4364,91.8159,81.502,20.7875,6503909800.0,81.502,2.0
2024-09-06,3231.35,-16.0459,15.72,34.4828,32.3046,-2.158,0.7389,-2.0716,62.3649,92.2276,83.2688,5.9814,246542100.0,83.2688,2.0
2024-09-09,3192.95,-17.0436,14.19,32.069,28.0526,-2.5351,0.6934,-1.9443,64.0618,92.8262,84.1969,12.6637,3481274800.0,84.1969,2.0
2024-09-10,3195.76,-16.9706,16.57,32.4138,28.7913,-2.0668,0.6815,-2.0078,64.7414,92.7824,84.3701,0.0,-434895500.0,84.3701,2.0
2024-09-11,3186.13,-17.2208,17.7,30.3448,27.7402,-1.9281,0.6675,-2.1946,66.5298,92.9325,85.0117,4.2937,1873882400.0,85.0117,2.0
2024-09-12,3172.47,-17.5757,16.09,31.0345,26.275,-1.8892,0.6633,-2.1345,64.9542,93.1454,84.688,2.3837,1035311500.0,84.688,2.0
2024-09-13,3159.25,-17.9192,17.7,32.7586,24.904,-1.8509,0.66,-2.5437,66.7318,93.3515,85.3656,3.7648,1623198700.0,85.3656,2.0
2024-09-18,3171.01,-17.6136,15.45,33.7931,28.4791,-1.4953,0.651,-2.6427,62.562,93.1682,83.9863,12.8482,3513280600.0,83.9863,2.0
2024-09-19,3196.04,-16.341,14.97,35.1724,35.5156,-0.9683,0.6769,-2.3811,57.7232,92.4046,82.0002,14.0022,4526488000.0,82.0002,2.0
2024-09-20,3201.05,-16.0277,14.37,35.5172,36.8547,-0.7946,0.6969,-2.5144,55.915,92.2166,81.3261,18.6483,-89752526676.6,81.3261,2.0
2024-09-23,3212.76,-14.7253,14.06,36.2069,39.9915,-0.5122,0.7064,-2.1367,53.4096,91.4352,80.0275,0.8355,918767200.0,80.0275,2.0
2024-09-24,3351.91,-11.0319,16.9,44.4828,63.3135,1.9569,0.8203,-1.6256,40.6277,89.2191,74.6417,24.0951,14440909400.0,74.6417,1.5
2024-09-25,3401.53,-9.7148,18.18,47.931,68.0778,2.4377,0.9916,-1.6219,36.3501,87.7955,72.3619,8.3021,5472792400.0,72.3619,1.5
2024-09-26,3545.32,-5.7246,25.32,61.3793,77.2841,3.1655,1.1257,-1.099,34.0972,80.3711,66.4889,19.8025,21892724300.0,66.4889,1.5
2024-09-27,3703.68,-0.9428,30.29,78.6207,83.0738,3.1931,1.3425,0.4375,28.5052,73.1129,59.7306,3.1064,3484576200.0,59.7306,1.0
2024-09-30,4017.85,0.0,42.22,95.8621,89.0412,3.3599,1.8433,3.6374,26.2949,64.5462,53.0708,35.0242,42671054900.0,53.0708,1.0
2024-10-08,4256.1,0.0,45.86,99.3103,91.4911,3.0525,2.4335,11.5324,20.1996,59.1212,47.4447,20.829,24924769200.0,47.4447,1.0
2024-10-09,3955.98,-7.0515,39.31,88.2759,70.2009,1.7535,2.8431,14.1157,24.9184,71.0981,57.2442,22.7228,10662251500.0,57.2442,1.0
2024-10-10,3997.79,-6.0692,36.26,91.0345,71.2062,1.6463,3.06,14.2557,23.7937,68.8634,55.3425,4.6035,5609700000.0,55.3425,1.0
2024-10-11,3887.17,-8.6683,38.14,83.1034,64.9621,1.1931,3.0758,13.7947,27.4992,73.1442,59.4507,26.0756,4625704900.0,59.4507,1.0
2024-10-14,3961.34,-6.9256,31.19,86.8966,67.0485,1.259,2.8318,14.2952,23.9737,69.6704,55.9614,0.0,-6346078900.0,55.9614,1.0
2024-10-15,3855.99,-9.4009,25.2,81.7241,61.4512,0.8806,2.383,14.8899,23.4836,74.8854,59.4649,1.1056,-11921572200.0,59.4649,1.0
2024-10-16,3831.59,-9.9742,27.0,81.3793,60.1977,0.734,2.0006,14.9745,26.37,75.378,60.6756,0.0,-1908749200.0,60.6756,1.5
2024-10-17,3788.22,-10.9932,24.34,76.8966,57.9356,0.5449,1.8378,15.2342,27.2204,77.6683,62.5339,0.0,-14656055100.0,62.5339,1.5
2024-10-18,3925.23,-7.774,32.95,82.4138,62.7037,0.8371,1.9503,16.5571,28.6855,72.2077,59.151,8.5399,10692501100.0,59.151,1.0
2024-10-21,3935.2,-7.5398,24.34,83.4483,63.0321,0.7804,2.0665,18.3869,23.5959,72.4016,57.7599,0.0,-12148064100.0,57.7599,1.0
2024-10-22,3957.78,-7.0092,29.13,86.2069,63.8093,0.7641,2.1205,19.731,26.2725,72.042,58.3112,0.0,-7186354100.0,58.3112,1.0
2024-10-23,3973.21,-6.6467,27.73,87.931,64.3607,0.7327,2.2381,20.4521,25.0054,71.3638,57.4563,0.0,-6586505300.0,57.4563,1.0
2024-10-24,3928.83,-7.6894,26.7142,85.5172,61.4602,0.5114,2.2378,20.8304,25.6563,72.9896,58.7896,0.0,-5820265300.0,58.7896,1.0
2024-10-25,3956.42,-7.0412,27.7,85.8621,62.589,0.5357,2.1526,21.5314,26.1523,72.5075,58.6009,0.0,-2456464400.0,58.6009,1.0
2024-10-28,3964.16,-6.8593,30.01,87.8893,62.9171,0.4988,2.0683,22.7696,27.7859,72.2673,58.9229,0.0,-4845833800.0,58.9229,1.0
2024-10-29,3924.65,-7.7876,29.58,84.7751,60.0231,0.2083,2.09,23.0722,28.8784,73.7127,60.2624,0.0,-7095642600.0,60.2624,1.5
2024-10-30,3889.45,-8.6147,30.22,83.045,57.4861,-0.1748,2.0615,23.9128,30.8317,75.7432,62.2697,5.4629,714219500.0,62.2697,1.5
2024-10-31,3891.04,-8.5773,31.98,84.4291,57.5733,-0.3754,2.2059,24.3642,31.531,79.6811,65.2361,0.0,-6441184100.0,65.2361,1.5
2024-11-01,3890.02,-8.6013,32.64,83.737,57.4918,-0.5437,2.2939,22.0495,31.9311,79.0781,64.934,16.5799,1956447700.0,64.934,1.5
2024-11-04,3944.76,-7.3151,24.34,85.8131,60.7064,0.1012,2.2461,19.2948,25.1954,77.2253,61.6163,0.5359,662412600.0,61.6163,1.5
2024-11-05,4044.57,-4.97,32.95,89.2734,65.7869,2.0853,2.2848,12.2455,23.0479,73.327,58.2433,4.324,5345440200.0,58.2433,1.0
2024-11-06,4024.28,-5.4468,24.34,88.5813,63.976,1.571,2.4256,11.0311,20.0636,74.2603,58.0013,0.0,-3774981800.0,58.0013,1.0
2024-11-07,4145.7,-2.5939,29.13,92.7083,69.4037,2.7601,2.4709,12.4704,17.9718,69.4472,54.0046,2.3851,2946290800.0,54.0046,1.0
2024-11-08,4104.05,-3.5725,27.73,92.0139,65.7444,1.8861,2.5504,14.1789,20.5968,71.2159,56.0302,0.0,-8126923900.0,56.0302,1.0
2024-11-11,4131.13,-2.9363,27.7,90.6574,66.964,1.8998,2.7098,16.0351,20.2177,71.1338,55.8589,0.0,-17400412700.0,55.8589,1.0
2024-11-12,4085.74,-4.0027,26.28,89.2734,62.9204,1.2686,2.7438,16.139,22.3206,73.4676,58.1235,0.0,-6088241700.0,58.1235,1.0
2024-11-13,4110.89,-3.4118,25.49,89.9654,64.21,1.3935,2.6118,16.4947,21.1333,71.9525,56.7067,0.0,-4760249600.0,56.7067,1.0
2024-11-14,4039.62,-5.0863,24.88,88.5813,58.0488,0.558,2.4585,15.7667,24.6602,74.404,59.4808,0.0,-573069800.0,59.4808,1.0
2024-11-15,3968.83,-6.7496,24.96,87.8893,52.6454,-0.3267,2.2673,14.0204,28.7066,76.7775,62.3562,4.559,5738960100.0,62.3562,1.5
2024-11-18,3950.38,-7.1831,26.36,86.1592,51.3049,-0.5652,2.1027,12.1464,30.937,76.7536,63.0087,11.2469,-243810000.0,63.0087,1.5
2024-11-19,3976.89,-6.5602,26.36,87.1972,53.1507,-0.2516,1.8891,11.7715,30.5539,76.2478,62.5396,0.0,-1470860500.0,62.5396,1.5
2024-11-20,3985.77,-6.3516,24.81,86.5052,53.7827,-0.1498,1.8018,11.5259,29.5841,75.8889,61.9975,0.0,-10618682400.0,61.9975,1.5
2024-11-21,3989.3,-6.2686,23.12,87.5433,54.0481,-0.1463,1.7494,11.2126,28.3903,76.084,61.7759,0.0,-5878670500.0,61.7759,1.5
2024-11-22,3865.7,-9.1727,24.19,81.3149,44.429,-1.5543,1.7347,10.1211,35.4212,81.4258,67.6244,3.6074,-3765065700.0,67.6244,1.5
2024-11-25,3848.09,-9.5865,24.32,78.5467,43.248,-1.5849,1.6747,9.3281,36.5847,82.3495,68.62,0.2393,301211700.0,68.62,1.5
2024-11-26,3840.18,-9.7723,23.98,79.5848,42.699,-1.5427,1.6193,8.6052,36.3023,82.3097,68.5075,0.0,-863984900.0,68.5075,1.5
2024-11-27,3907.04,-8.2014,24.13,82.3529,48.6347,-0.8536,1.584,8.071,32.955,79.6792,65.6619,2.5601,3212396900.0,65.6619,1.5
2024-11-28,3872.55,-9.0118,23.01,80.6228,45.9882,-1.1979,1.5549,7.6079,34.1755,81.4289,67.2529,0.0,-6147576400.0,67.2529,1.5
2024-11-29,3916.58,-7.9773,23.79,82.699,49.7477,-0.7575,1.5325,8.4251,32.4063,80.0036,65.7244,1.7937,2246230400.0,65.7244,1.5
2024-12-02,3947.63,-7.2477,24.54,84.7751,52.2707,-0.4282,1.5879,8.1165,31.3539,79.2278,64.8656,0.0,-918390000.0,64.8656,1.5
2024-12-03,3951.89,-7.1476,24.81,84.7751,52.6221,-0.3355,1.6672,6.8818,31.9606,78.4515,64.5042,0.0,-2445661600.0,64.5042,1.5
2024-12-04,3930.56,-7.6488,24.88,83.737,50.6125,-0.5134,1.7034,5.4458,34.1275,79.0979,65.6068,0.0,-5480675600.0,65.6068,1.5
2024-12-05,3921.59,-7.8595,24.04,82.699,49.7521,-0.533,1.7004,4.4083,34.7117,79.9553,66.3822,0.9579,1190300100.0,66.3822,1.5
2024-12-06,3973.14,-6.6483,23.93,85.1211,54.5358,0.1564,1.71,3.2779,32.8334,77.5964,64.1675,5.0213,6238072900.0,64.1675,1.5
2024-12-09,3966.57,-6.8027,23.9,84.7751,53.8324,0.2032,1.6738,1.4005,34.8119,78.1289,65.1338,0.0,-4940212700.0,65.1338,1.5
2024-12-10,3995.64,-6.1197,24.91,85.1211,56.5056,0.7526,1.7613,1.9201,32.8011,77.941,64.399,9.352,11620935500.0,64.399,1.5
2024-12-11,3988.83,-6.2797,24.48,85.4671,55.692,0.8985,1.7769,1.7913,32.3932,78.7926,64.8728,4.788,5985595500.0,64.8728,1.5
2024-12-12,4028.5,-5.3476,25.14,87.5433,59.3624,1.6998,1.8423,2.5651,28.5816,77.0365,62.5,1.9402,2428061900.0,62.5,1.5
2024-12-13,3933.18,-7.5872,23.51,83.737,48.8839,-0.1241,1.8888,2.6176,34.4265,81.5316,67.4001,0.2495,-8416424100.0,67.4001,1.5
2024-12-16,3911.84,-8.0886,22.01,81.6609,46.8884,-0.5024,1.8954,2.8246,34.378,82.0816,67.7705,0.0,-708610500.0,67.7705,1.5
2024-12-17,3922.03,-7.8492,22.31,82.699,47.9804,-0.2535,1.7546,2.3344,34.8643,81.6838,67.638,3.4019,4266019800.0,67.638,1.5
2024-12-18,3941.89,-7.3826,21.65,82.3529,50.1323,0.1882,1.6692,2.1084,33.3737,80.2125,66.1608,0.0,-4124986200.0,66.1608,1.5
2024-12-19,3945.46,-7.2987,22.13,81.3149,50.5285,0.3157,1.5824,1.9723,33.885,80.6477,66.6189,0.0,-1951597400.0,66.6189,1.5
2024-12-20,3927.74,-7.715,20.9,78.5467,48.4701,-0.1285,1.4708,2.9112,34.5384,82.0884,67.8234,0.0,-6305996700.0,67.8234,1.5
2024-12-23,3933.57,-7.5781,20.37,80.2768,49.2033,-0.1043,1.4343,2.3153,34.3123,81.0196,67.0074,0.0,-1913753900.0,67.0074,1.5
2024-12-24,3983.69,-6.4005,20.34,83.045,55.1159,1.1005,1.3919,2.6905,29.9157,78.4483,63.8886,2.1712,1734020000.0,63.8886,1.5
2024-12-25,3985.63,-6.3549,20.42,83.391,55.3327,1.046,1.3738,2.4535,30.4447,77.4859,63.3735,0.0,-6326107500.0,63.3735,1.5
2024-12-26,3987.48,-6.3114,19.57,83.391,55.5531,1.0475,1.3377,2.3098,30.0217,78.0734,63.6579,0.0,-2124297800.0,63.6579,1.5
2024-12-27,3981.03,-6.463,19.16,82.0069,54.5426,0.7575,1.3184,1.7788,31.2077,78.6389,64.4096,0.1914,142653400.0,64.4096,1.5
2024-12-30,3999.05,-6.0396,19.4,81.3149,56.9012,1.2167,1.2663,1.3239,30.4494,77.3135,63.2543,0.0,-2783882600.0,63.2543,1.5
2024-12-31,3934.91,-7.5466,19.09,79.2388,47.4614,-0.7684,1.2703,0.3078,38.3726,80.2283,67.6716,0.0,-6710270000.0,67.6716,1.5
2025-01-02,3820.4,-10.2371,21.49,69.2042,35.9839,-3.0432,1.2888,-0.0252,52.1079,86.477,76.1663,22.7015,7531513800.0,76.1663,1.5
2025-01-03,3775.16,-11.3,21.92,64.3599,32.6269,-2.9326,1.2853,-1.37,55.9547,88.274,78.5782,28.2752,6974097000.0,78.5782,1.5
2025-01-06,3768.97,-11.4455,22.57,64.0138,32.1845,-2.4025,1.2122,-1.7238,57.147,88.7729,79.2851,10.2272,3345190000.0,79.2851,1.5
2025-01-07,3796.11,-10.8078,19.66,65.3979,36.2653,-1.7422,1.172,-1.8926,51.1202,87.7029,76.7281,1.9434,-4751076300.0,76.7281,1.5
2025-01-08,3789.22,-10.9697,19.09,65.7439,35.6783,-1.6109,1.1496,-2.8488,51.2823,87.632,76.7271,14.431,-1934426700.0,76.7271,1.5
2025-01-09,3779.88,-11.1891,18.69,62.9758,34.8547,-1.5279,1.0935,-3.1509,52.427,88.1585,77.439,0.0,-2678190300.0,77.439,1.5
2025-01-10,3732.48,-12.3028,18.95,59.375,30.9502,-1.8442,1.0697,-3.9717,56.809,89.9817,80.0299,5.9995,-424040300.0,80.0299,2.0
2025-01-13,3722.51,-12.5371,19.74,58.6806,30.1843,-1.7018,1.0516,-3.5736,57.3665,90.1222,80.2955,13.9533,6346076500.0,80.2955,2.0
2025-01-14,3820.54,-10.2338,20.5,66.6667,44.6805,-0.6025,1.1012,-2.9751,47.7375,86.9665,75.1978,13.6,3189719700.0,75.1978,1.5
2025-01-15,3796.03,-10.8097,19.78,65.2778,42.3148,-0.7871,1.0891,-2.5742,48.2391,88.0862,76.1321,0.0,-3355573600.0,76.1321,1.5
2025-01-16,3800.38,-10.7075,20.17,66.3194,42.8927,-0.6692,1.1172,-2.5799,47.6953,87.5265,75.5771,3.3482,853908800.0,75.5771,1.5
2025-01-17,3812.34,-10.4264,20.61,67.3611,44.5379,-0.4799,1.1131,-2.9784,47.3159,86.9771,75.0787,0.3647,154784900.0,75.0787,1.5
2025-01-20,3829.68,-10.019,20.02,67.474,46.9253,-0.2461,1.1516,-3.1672,45.5494,86.6192,74.2983,1.5318,646150500.0,74.2983,1.5
2025-01-21,3832.61,-9.9502,19.5,65.7439,47.3378,-0.1631,1.122,-2.784,45.0622,87.1277,74.5081,0.0,-3601672800.0,74.5081,1.5
2025-01-22,3797.02,-10.7864,19.53,63.3218,42.9692,-0.4791,1.1101,-2.9521,47.955,88.6224,76.4222,0.0,-2426185200.0,76.4222,1.5
2025-01-23,3803.74,-10.6285,20.02,61.9377,44.0197,-0.3197,1.1226,-3.1771,48.385,87.5365,75.7911,5.7623,2117019500.0,75.7911,1.5
2025-01-24,3832.86,-9.9443,19.58,66.436,48.4508,0.1657,1.1364,-3.8353,44.8034,86.8225,74.2168,17.8891,6590620800.0,74.2168,1.5
2025-01-27,3817.08,-10.3151,18.41,66.782,46.3115,0.0675,1.1222,-5.4604,45.9539,87.221,74.8409,11.4026,-6726905200.0,74.8409,1.5
2025-02-05,3795.08,-10.832,19.19,62.2837,43.4323,-0.1855,1.1353,-4.5625,48.4993,88.892,76.7742,0.0,-3945112800.0,76.7742,1.5
2025-02-06,3842.83,-9.7101,19.11,66.436,50.6097,1.4533,1.2054,-2.9724,39.2031,87.4014,72.9419,5.7521,2446446500.0,72.9419,1.5
2025-02-07,3892.7,-8.5383,19.24,70.5882,56.7779,2.4727,1.3119,-2.0063,31.1347,85.4462,69.1528,2.1837,466026500.0,69.1528,1.5
2025-02-10,3901.06,-8.3419,19.85,71.2803,57.7309,2.2106,1.4001,-0.0098,29.9566,84.6706,68.2564,0.0,-9989238500.0,68.2564,1.5
2025-02-11,3883.14,-8.763,17.04,69.2042,54.9348,1.5736,1.4906,0.7697,29.252,84.9695,68.2543,0.0,-5443222800.0,68.2543,1.5
2025-02-12,3919.86,-7.9002,19.13,69.8962,59.2862,2.0182,1.5559,1.1511,27.9743,83.2745,66.6845,0.0,-2837304700.0,66.6845,1.5
2025-02-13,3905.14,-8.246,18.33,69.2042,56.9138,1.5185,1.6016,1.3511,29.1147,83.8036,67.3969,0.0,-1823203400.0,67.3969,1.5
2025-02-14,3939.01,-7.4502,18.17,69.5502,60.8008,1.8604,1.5524,1.4077,26.9846,82.0728,65.5463,7.2218,2765485900.0,65.5463,1.5
2025-02-17,3947.4,-7.2531,18.99,69.5502,61.722,1.8141,1.5842,2.7937,26.2596,81.193,64.713,0.0,-10533349200.0,64.713,1.5
2025-02-18,3912.78,-8.0665,18.51,67.474,55.8858,1.1489,1.6078,2.4567,30.0702,82.1637,66.5357,7.7988,-426813100.0,66.5357,1.5
2025-02-19,3940.16,-7.4232,18.16,67.474,59.1737,1.4901,1.6096,2.3644,27.9122,81.9413,65.7326,0.0,-1930806000.0,65.7326,1.5
2025-02-20,3928.9,-7.6878,17.63,67.474,57.2829,1.1595,1.5926,2.6388,28.6895,82.1094,66.0834,0.0,-6095069100.0,66.0834,1.5
2025-02-21,3978.44,-6.5238,18.33,67.128,62.8999,1.817,1.6688,2.9108,25.4366,79.8153,63.5017,0.0,-3748868400.0,63.5017,1.5
2025-02-24,3969.72,-6.7287,18.03,69.0972,61.3702,1.4826,1.6859,3.9484,24.9668,79.9461,63.4523,0.0,-9241275600.0,63.4523,1.5
2025-02-25,3925.65,-7.7642,17.57,66.6667,54.1965,0.6503,1.697,4.2663,28.9247,82.5508,66.463,0.0,-3504641400.0,66.463,1.5
2025-02-26,3959.94,-6.9585,18.17,69.4444,58.2826,1.1255,1.7291,4.7412,25.9585,81.3155,64.7084,0.0,-6423362500.0,64.7084,1.5
2025-02-27,3968.12,-6.7663,18.08,68.75,59.2173,1.1685,1.7665,4.9493,25.3158,80.3315,63.8268,0.0,-1967957200.0,63.8268,1.5
2025-02-28,3890.05,-8.6006,18.43,64.5833,48.1332,-0.3432,1.7045,4.2641,34.1631,84.0224,69.0646,13.123,1443271600.0,69.0646,1.5
2025-03-03,3888.47,-8.6377,17.31,66.3194,47.9377,-0.4531,1.6214,4.8693,32.6579,84.4258,68.8954,0.0,-641455800.0,68.8954,1.5
2025-03-04,3885.22,-8.7141,18.33,66.3194,47.5101,-0.6528,1.5378,7.0139,32.6049,84.9119,69.2198,0.0,-3441563700.0,69.2198,1.5
2025-03-05,3902.57,-8.3064,16.26,67.3611,50.0705,-0.4809,1.4581,6.0151,30.6188,83.707,67.7806,0.0,-6498153600.0,67.7806,1.5
2025-03-06,3956.24,-7.0454,16.95,70.8333,57.05,1.0379,1.4358,6.1032,25.1901,81.2885,64.459,3.9131,1522054800.0,64.459,1.5
2025-03-07,3944.01,-7.3328,16.01,69.4444,55.1578,0.5627,1.423,4.9277,27.4128,80.927,64.8728,0.0,-2112482700.0,64.8728,1.5
2025-03-10,3928.8,-7.6901,16.0,69.0972,52.8119,0.0041,1.4,4.3614,30.0712,81.7009,66.212,0.0,-9571006400.0,66.212,1.5
2025-03-11,3941.42,-7.3936,16.95,71.6263,54.5396,0.3607,1.4056,4.1051,29.2895,80.0748,64.8392,11.6278,4612638700.0,64.8392,1.5
2025-03-12,3927.23,-7.727,16.43,71.6263,52.2243,-0.1745,1.4365,4.3325,30.1361,81.3397,65.9786,0.0,-74707500.0,65.9786,1.5
2025-03-13,3911.58,-8.0947,16.59,71.6263,49.7175,-0.7712,1.3826,4.0464,32.9694,81.3804,66.8571,8.991,912353700.0,66.8571,1.5
2025-03-14,4006.56,-5.8631,18.29,75.4325,61.7252,2.2614,1.3746,4.0801,22.3691,77.4888,60.9529,16.1014,5895435600.0,60.9529,1.5
2025-03-17,3996.79,-6.0927,18.18,75.0,60.1344,1.7247,1.3838,3.8334,24.9569,76.8533,61.2844,0.0,-3962792700.0,61.2844,1.5
2025-03-18,4007.72,-5.8359,17.94,74.6528,61.335,1.7685,1.3881,4.6685,23.5477,76.674,60.7361,0.0,-1738643200.0,60.7361,1.5
2025-03-19,4010.17,-5.7783,17.89,74.5645,61.614,1.6161,1.3487,4.1142,24.72,76.5962,61.0333,1.0932,389857200.0,61.0333,1.5
2025-03-20,3974.99,-6.6049,17.04,72.8223,55.428,0.6621,1.3187,3.8486,29.0413,78.8013,63.8733,0.0,-107974200.0,63.8733,1.5
2025-03-21,3914.7,-8.0214,16.6,71.4286,46.763,-0.7744,1.2749,2.7544,35.8338,81.0798,67.506,5.9794,589148600.0,67.506,1.5
2025-03-24,3934.85,-7.548,15.98,71.777,49.5989,-0.2258,1.2524,1.8033,34.2027,80.5066,66.6154,0.0,-236664200.0,66.6154,1.5
2025-03-25,3932.3,-7.6079,16.43,73.5192,49.2415,-0.2999,1.2079,1.2988,35.2554,80.9697,67.2554,0.0,-131056800.0,67.2554,1.5
2025-03-26,3919.36,-7.9119,15.0,72.4739,47.3754,-0.5749,1.1549,0.8011,36.0768,81.9208,68.1676,4.572,1590802300.0,68.1676,1.5
2025-03-27,3932.41,-7.6053,14.82,70.7317,49.4557,-0.2012,1.1119,0.5289,35.4919,81.2366,67.5132,0.0,-509311800.0,67.5132,1.5
2025-03-28,3915.17,-8.0104,15.05,71.0801,46.8224,-0.697,1.0386,1.2801,37.3413,82.3347,68.8366,0.0,-1818926000.0,68.8366,1.5
2025-03-31,3887.31,-8.665,16.04,67.2474,42.8516,-1.429,0.9998,1.1222,42.8039,83.1042,71.0141,5.2558,1605128700.0,71.0141,1.5
2025-04-01,3887.68,-8.6563,15.58,67.9443,42.9208,-1.4293,0.9784,0.7684,42.6326,83.1329,70.9828,0.0,-19328000.0,70.9828,1.5
2025-04-02,3884.39,-8.7336,15.55,67.5958,42.4286,-1.4489,0.9482,0.479,43.3812,83.3916,71.3885,4.1511,1431222800.0,71.3885,1.5
2025-04-03,3861.5,-9.2714,15.86,64.8084,39.0715,-1.7604,0.9391,-0.8828,47.6082,84.8694,73.6911,4.5431,510047200.0,73.6911,1.5
2025-04-07,3589.44,-15.6636,33.09,37.2822,19.4118,-3.8029,1.0162,-2.9097,77.2335,91.9982,87.5688,89.2825,40627122500.0,87.5688,2.0
2025-04-08,3650.76,-14.2229,25.58,39.3728,28.1831,-2.434,1.082,-5.4267,72.5164,91.1337,85.5485,70.0,79415873400.0,85.5485,2.0
2025-04-09,3686.79,-13.3763,24.53,45.2962,32.8106,-1.7971,1.1741,-5.8161,66.1787,90.6258,83.2917,28.6251,4659069000.0,83.2917,2.0
2025-04-10,3735.12,-12.2408,21.05,51.5679,38.532,-1.2387,1.2771,-6.2456,58.0706,89.9445,80.3823,2.5075,-1912028700.0,80.3823,2.0
2025-04-11,3750.52,-11.879,20.02,51.5679,40.2771,-1.014,1.3105,-6.1561,55.7802,89.7274,79.5432,1.7439,-1389564100.0,79.5432,2.0
2025-04-14,3759.14,-11.6764,18.16,52.6132,41.282,-0.8524,1.2571,-5.7569,52.9641,89.6059,78.6133,0.0,-6058670500.0,78.6133,2.0
2025-04-15,3761.23,-11.6273,17.02,52.2648,41.5389,-0.7514,1.1656,-6.3244,52.8639,89.3622,78.4127,15.6278,8133188500.0,78.4127,1.5
2025-04-16,3772.82,-11.355,17.62,52.9617,43.0272,-0.5764,1.0674,-6.9901,53.8079,88.6864,78.2229,45.1522,22532255000.0,78.2229,1.5
2025-04-17,3772.22,-11.3691,17.36,51.9164,42.9662,-0.5052,0.9658,-7.1791,54.6912,88.5661,78.4036,12.7666,5986150000.0,78.4036,1.5
2025-04-18,3772.52,-11.362,17.0,51.9164,43.0097,-0.428,0.8938,-7.604,55.0848,88.4988,78.4746,25.2495,9390164500.0,78.4746,1.5
2025-04-21,3784.88,-11.0716,16.63,54.7038,44.8748,-0.2483,0.8538,-6.6295,52.2775,87.9816,77.2704,1.188,1141604500.0,77.2704,1.5
2025-04-22,3783.95,-11.0935,16.8,52.9617,44.7562,-0.1896,0.8552,-6.3885,52.6909,87.6993,77.1968,0.0,-3882435200.0,77.1968,1.5
2025-04-23,3786.88,-11.0246,16.66,52.9617,45.2475,-0.0867,0.8736,-6.1506,51.8299,87.8218,77.0242,0.3978,419626800.0,77.0242,1.5
2025-04-24,3784.36,-11.0839,16.57,51.2195,44.8778,-0.042,0.8908,-6.335,52.3604,87.6123,77.0367,0.0,-484616700.0,77.0367,1.5
2025-04-25,3786.99,-11.0221,16.57,52.2648,45.3794,0.0799,0.9234,-6.4551,51.4746,88.2402,77.2105,0.0,-1355291700.0,77.2105,1.5
2025-04-28,3781.62,-11.1482,17.48,49.4774,44.4892,0.1048,0.9255,-6.2074,53.2082,88.3845,77.8316,0.0,-3023093900.0,77.8316,1.5
2025-04-29,3775.08,-11.3019,17.66,49.1289,43.3733,0.0985,0.914,-6.0932,53.7677,89.0227,78.4462,0.0,-218815900.0,78.4462,1.5
2025-04-30,3770.57,-11.4079,18.47,49.4774,42.5801,0.1292,0.9034,-6.6793,55.253,89.4447,79.1872,0.0,-1240089200.0,79.1872,1.5
2025-05-06,3808.54,-10.5157,16.0,54.007,50.7466,0.8786,0.9394,-5.8241,46.4062,88.9094,76.1585,0.4922,516686100.0,76.1585,1.5
2025-05-07,3831.63,-9.9732,15.67,55.4007,54.9432,1.37,0.9958,-5.0034,41.9346,87.5615,73.8734,1.4766,-3059819700.0,73.8734,1.5
2025-05-08,3852.9,-9.4735,15.55,56.7944,58.4549,1.9316,1.033,-2.5405,36.1553,86.9133,71.6859,2.9474,3092554200.0,71.6859,1.5
2025-05-09,3846.16,-9.6318,15.67,54.7038,56.9405,1.8306,1.0595,-0.7161,35.7633,86.9993,71.6285,0.0,-1419054300.0,71.6285,1.5
2025-05-12,3890.61,-8.5874,16.53,60.2787,63.6323,2.7098,1.0804,-0.1386,29.552,84.5954,68.0823,1.6152,1683896500.0,68.0823,1.5
2025-05-13,3896.26,-8.4547,15.46,59.2334,64.3898,2.365,1.0724,-0.2177,29.3736,84.4452,67.9237,0.0,-4546954800.0,67.9237,1.5
2025-05-14,3943.21,-7.3516,16.0,63.0662,69.9849,2.6755,1.0472,0.0707,26.478,82.2215,65.4985,1.7559,1827493000.0,65.4985,1.5
2025-05-15,3907.2,-8.1976,16.64,58.5366,61.9457,1.7128,1.0238,-0.5731,34.6295,83.4327,68.7917,4.5847,-2346096700.0,68.7917,1.5
2025-05-16,3889.09,-8.6232,16.04,56.7944,58.3175,1.2374,1.0071,-0.7042,37.2369,84.4419,70.2804,0.0,-2497780400.0,70.2804,1.5
2025-05-19,3877.15,-8.9037,15.18,55.7491,55.9891,0.9208,0.9704,-0.2193,38.0475,84.9057,70.8482,0.0,-877305900.0,70.8482,1.5
2025-05-20,3898.17,-8.4098,15.46,56.446,59.0861,1.1792,0.9495,0.0953,36.4279,83.7927,69.5832,0.0,-111864500.0,69.5832,1.5
2025-05-21,3916.38,-7.982,15.59,59.2334,61.6066,1.3558,0.9253,0.3484,34.3816,82.7552,68.2431,0.0,-747533300.0,68.2431,1.5
2025-05-22,3913.87,-8.0409,16.33,57.4913,61.0484,1.182,0.9166,-0.0882,36.8446,82.6773,68.9275,0.0,-494995500.0,68.9275,1.5
2025-05-23,3882.27,-8.7834,16.71,52.6132,54.3685,0.5503,0.9266,-0.4692,42.444,84.1764,71.6567,0.3202,329320600.0,71.6567,1.5
2025-05-26,3860.11,-9.3041,16.25,52.6316,50.2188,0.0849,0.9136,-0.3205,44.0727,85.1659,72.8379,2.6462,2702605900.0,72.8379,1.5
2025-05-27,3839.4,-9.7907,16.39,48.7719,46.6362,-0.3743,0.8851,0.0862,47.2232,85.7375,74.1832,0.4175,425659900.0,74.1832,1.5
2025-05-28,3836.24,-9.8649,16.69,48.0702,46.0958,-0.5093,0.8581,0.4041,48.0609,86.3915,74.8923,0.0,-646234500.0,74.8923,1.5
2025-05-29,3858.7,-9.3372,15.75,52.6316,50.4871,-0.1336,0.8707,0.2737,43.7588,85.5426,73.0074,7.607,4991148500.0,73.0074,1.5
2025-05-30,3840.23,-9.7712,15.53,51.5789,47.0898,-0.6884,0.8676,-0.1168,46.4188,86.3898,74.3985,1.2022,-4602404900.0,74.3985,1.5
2025-06-03,3852.01,-9.4944,15.08,50.8772,49.4272,-0.5918,0.888,0.9566,44.2129,85.7131,73.2631,1.1715,1191990600.0,73.2631,1.5
2025-06-04,3868.74,-9.1013,14.98,53.4965,52.6279,-0.2056,0.912,0.2712,41.9862,85.2117,72.2441,0.0,-469767200.0,72.2441,1.5
2025-06-05,3877.56,-8.8941,15.14,53.4965,54.2711,0.0086,0.9561,0.1243,41.0469,84.7097,71.6109,0.0,-2025587400.0,71.6109,1.5
2025-06-06,3873.98,-8.9782,14.76,55.2448,53.4605,-0.1549,0.9495,-0.0409,40.789,85.0419,71.766,0.0,-1152595500.0,71.766,1.5
2025-06-09,3885.25,-8.7134,15.05,57.6923,55.7034,0.1801,0.9717,0.6367,38.1991,84.8344,70.8438,2.9994,3036055400.0,70.8438,1.5
2025-06-10,3865.47,-9.1781,15.2,53.8462,51.0529,-0.4953,1.0137,0.4295,42.2509,85.5568,72.565,0.0,-2914529100.0,72.565,1.5
2025-06-11,3894.63,-8.493,15.38,58.042,56.7814,0.5711,1.0283,0.4568,36.9933,82.6136,68.9275,3.0426,2110000200.0,68.9275,1.5
2025-06-12,3892.2,-8.5501,15.41,56.993,56.1912,0.6745,1.0236,0.5245,37.2679,82.7695,69.119,0.0,-1515905900.0,69.119,1.5
2025-06-13,3864.18,-9.2084,16.05,54.8951,49.7677,-0.4508,1.0715,0.4296,42.5544,83.7783,71.4111,0.0,-1565093600.0,71.4111,1.5
2025-06-16,3873.8,-8.9824,15.34,54.8951,51.8047,0.0128,1.0588,0.8465,39.9712,82.8525,69.9881,4.1032,4127301200.0,69.9881,1.5
2025-06-17,3870.38,-9.0628,15.11,55.9441,51.0127,-0.1264,1.024,0.9378,40.0877,83.0056,70.1302,0.7669,769713100.0,70.1302,1.5
2025-06-18,3874.97,-8.9549,15.6,54.1958,52.0718,0.1379,1.0121,0.8858,40.4257,82.5163,69.8891,0.0,-231279900.0,69.8891,1.5
2025-06-19,3843.09,-9.704,15.64,48.6014,44.8235,-1.2828,1.0075,0.5682,47.8816,83.19,72.5975,0.0,-467698300.0,72.5975,1.5
2025-06-20,3846.64,-9.6205,14.87,46.5035,45.7294,-1.0658,0.9428,0.2279,47.5424,82.8836,72.2812,1.3905,1394712700.0,72.2812,1.5
2025-06-23,3857.9,-9.356,14.19,47.5524,48.6115,-0.3494,0.9269,0.8856,43.4412,81.9049,70.3658,1.7055,1641833400.0,70.3658,1.5
2025-06-24,3904.03,-8.2721,14.74,55.5944,58.3661,2.011,0.9576,0.9077,32.7594,80.0129,65.8369,7.0272,1932147100.0,65.8369,1.5
2025-06-25,3960.07,-6.9554,17.85,59.0909,66.6486,3.2612,1.0201,1.0455,29.8186,77.6957,63.3326,0.0,-3490064900.0,63.3326,1.5
2025-06-26,3946.02,-7.2855,15.95,56.993,63.2512,2.2728,1.0701,1.548,29.6855,78.1392,63.6031,0.0,-3245394200.0,63.6031,1.5
2025-06-27,3921.76,-7.8555,15.19,59.0909,57.7748,1.3137,1.1419,1.6621,32.3052,79.8306,65.573,0.0,-3694010700.0,65.573,1.5
2025-06-30,3936.08,-7.5191,15.12,60.4895,59.9776,1.5791,1.1963,2.7339,28.9816,79.2089,64.1407,0.0,-7833958100.0,64.1407,1.5
2025-07-01,3942.76,-7.3621,14.68,58.7413,60.9996,1.5799,1.2015,2.7452,28.6975,78.6885,63.6912,0.0,-3047695200.0,63.6912,1.5
2025-07-02,3943.68,-7.3405,14.44,58.3916,61.1468,1.428,1.1638,2.6776,29.2573,78.6338,63.8208,0.1768,179285100.0,63.8208,1.5
2025-07-03,3968.07,-6.7675,14.7,60.4895,64.9254,1.8231,1.1187,2.6042,27.1345,77.9342,62.6943,0.0,-883143200.0,62.6943,1.5
2025-07-04,3982.2,-6.4355,14.68,58.3916,66.9318,1.8719,1.0987,2.4292,27.4484,77.0273,62.1536,0.0,-1218849800.0,62.1536,1.5
2025-07-07,3965.17,-6.8356,15.14,58.3916,62.3057,1.3137,1.0536,2.3588,31.3081,77.713,63.7916,0.0,-584661000.0,63.7916,1.5
2025-07-08,3998.45,-6.0537,16.04,61.324,67.0924,1.7958,1.0491,2.6106,28.3258,76.4682,62.0255,5.9541,2118226500.0,62.0255,1.5
2025-07-09,3991.4,-6.2193,16.09,59.2334,65.2034,1.4598,1.066,2.7199,30.3469,76.4965,62.6516,0.0,-140190800.0,62.6516,1.5
2025-07-10,4010.02,-5.7818,16.41,60.2787,67.7834,1.6084,1.0918,2.8478,28.8821,75.4115,61.4527,1.354,477033000.0,61.4527,1.5
2025-07-11,4014.81,-5.6693,17.03,60.9756,68.4318,1.5134,1.1318,3.2214,28.7342,75.5433,61.5006,10.1562,3574433900.0,61.5006,1.5
2025-07-14,4017.67,-5.6021,17.0,62.0209,68.8351,1.4014,1.1673,3.4405,28.1146,75.2163,61.0858,0.0,-2947237600.0,61.0858,1.5
2025-07-15,4019.06,-5.5694,15.85,57.8397,69.0421,1.2888,1.1877,3.4122,28.5148,75.5176,61.4167,0.0,-2121466800.0,61.4167,1.5
2025-07-16,4007.2,-5.8481,15.47,57.4913,65.0703,0.9773,1.175,3.7114,30.0259,75.9002,62.1379,0.0,-209259800.0,62.1379,1.5
2025-07-17,4034.49,-5.2069,15.62,61.324,69.4284,1.3931,1.1784,4.5311,25.7299,75.2426,60.3888,0.0,-592547900.0,60.3888,1.5
2025-07-18,4058.55,-4.6416,15.37,62.8472,72.6664,1.7771,1.1536,4.8983,22.9125,74.2317,58.836,0.0,-766648800.0,58.836,1.0
2025-07-21,4085.61,-4.0058,16.0,70.1389,75.7742,2.1955,1.1866,5.5059,18.3898,73.1559,56.726,0.3903,76426600.0,56.726,1.0
2025-07-22,4118.96,-3.2222,16.45,75.3472,78.9506,2.4418,1.2245,6.038,14.8446,71.8961,54.7807,0.0,-1476692800.0,54.7807,1.0
2025-07-23,4119.77,-3.2032,17.9,75.3472,79.0226,2.0555,1.2838,5.7806,17.8132,71.5249,55.4114,6.6187,1274310600.0,55.4114,1.0
2025-07-24,4149.04,-2.5154,17.46,78.125,81.4852,2.1458,1.325,5.574,15.8909,70.3871,54.0382,16.8221,3255271500.0,54.0382,1.0
2025-07-25,4127.16,-3.0295,17.88,76.7361,74.4494,1.6128,1.3525,5.8211,19.3099,71.4543,55.811,0.0,-3198777900.0,55.811,1.0
2025-07-28,4135.82,-2.8261,18.11,72.2222,75.3564,1.5673,1.3543,6.2536,20.2568,71.4946,56.1233,0.0,-3249449100.0,56.1233,1.0
2025-07-29,4152.02,-2.4454,18.09,74.3056,77.001,1.6251,1.3365,6.8681,18.6951,72.2141,56.1584,0.0,-4717277900.0,56.1584,1.0
2025-07-30,4151.24,-2.4638,17.3,74.6528,76.7355,1.4652,1.3289,6.9228,18.3578,72.2741,56.0992,0.0,-2244928600.0,56.0992,1.0
2025-07-31,4075.59,-4.2412,17.52,64.5833,56.4149,0.2384,1.3374,6.7492,29.5808,75.2235,61.5307,0.0,-4074975100.0,61.5307,1.5
2025-08-01,4054.93,-4.7266,16.51,62.1528,52.3386,-0.1575,1.3061,6.8599,31.4731,76.1308,62.7335,0.2181,45191800.0,62.7335,1.5
2025-08-04,4070.7,-4.3561,16.33,64.4599,55.0108,0.0194,1.2673,7.1056,29.4849,75.4185,61.6384,0.0,-996265500.0,61.6384,1.5
2025-08-05,4103.45,-3.5866,15.98,69.338,60.0235,0.5368,1.2336,7.2584,25.428,73.9096,59.3651,0.0,-1992916300.0,59.3651,1.0
2025-08-06,4113.49,-3.3507,16.2,68.9895,61.4419,0.6472,1.2135,7.5224,25.0232,73.5874,59.0182,11.1058,2244637500.0,59.0182,1.0
2025-08-07,4114.67,-3.323,16.42,68.9895,61.6142,0.5933,1.1932,7.4396,25.5489,73.6296,59.2054,0.0,-3779009100.0,59.2054,1.0
2025-08-08,4104.97,-3.5509,15.9,67.2474,59.2686,0.3153,1.2055,7.1284,26.9345,73.9483,59.8442,0.0,-2004782800.0,59.8442,1.0
2025-08-11,4122.51,-3.1388,16.23,69.338,62.0798,0.6259,1.2484,7.4708,24.6275,73.4421,58.7977,16.554,3326171100.0,58.7977,1.0
2025-08-12,4143.83,-2.6379,16.45,70.0348,65.2219,1.0475,1.2857,7.6229,22.4294,72.3379,57.3654,0.0,-3123899100.0,57.3654,1.0
2025-08-13,4176.58,-1.8684,17.52,70.979,69.4144,1.8053,1.3402,7.854,19.2489,71.802,56.0361,10.4112,2147517400.0,56.0361,1.0
2025-08-14,4173.31,-1.9452,18.1,68.1818,68.5261,1.6141,1.3987,7.9263,20.8749,71.7375,56.4788,0.0,-6351233800.0,56.4788,1.0
2025-08-15,4202.35,-1.2629,20.15,71.3287,71.958,2.1314,1.4685,8.4489,18.8863,70.9781,55.3506,23.3309,5071924200.0,55.3506,1.0
2025-08-18,4239.41,-0.3921,21.87,74.8252,75.6127,2.4895,1.5916,9.6366,16.2484,69.1915,53.3086,0.0,-1191987900.0,53.3086,1.0
2025-08-19,4223.37,-0.769,20.02,74.1259,71.2825,1.8175,1.6815,10.3087,18.2744,69.7956,54.3392,0.0,-1519438100.0,54.3392,1.0
2025-08-20,4271.4,0.0,21.87,79.021,75.7591,2.2867,1.7089,10.9605,15.4807,68.1708,52.3638,0.0,-5528917900.0,52.3638,1.0
2025-08-21,4288.07,0.0,20.29,81.8182,77.0938,2.1445,1.7202,10.5571,14.2447,67.8782,51.7881,0.0,-2894837700.0,51.7881,1.0
2025-08-22,4378.0,0.0,20.93,85.3147,82.645,2.6712,1.7521,10.6669,12.3598,66.089,49.9702,14.3,3287825700.0,49.9702,1.0
2025-08-25,4469.22,0.0,23.49,90.9091,86.2778,2.7838,1.7908,11.2571,14.2334,64.801,49.6307,0.0,-2798661300.0,49.6307,1.0
2025-08-26,4452.59,-0.3721,23.58,90.5594,82.8721,2.1574,1.7924,11.3659,15.8397,65.5661,50.6482,0.0,-571166600.0,50.6482,1.0
2025-08-27,4386.13,-1.8592,23.4,83.5664,70.8377,1.4221,1.8821,12.268,19.7959,67.8737,53.4503,0.0,-6950340600.0,53.4503,1.0
2025-08-28,4463.78,-0.1217,23.34,84.6154,75.343,1.777,1.9433,13.0596,17.3937,64.587,50.429,0.0,-6501711000.0,50.429,1.0
2025-08-29,4496.76,0.0,23.12,85.2632,76.9703,1.7781,1.9653,14.1977,16.7493,64.0898,49.8877,0.0,-3260868400.0,49.8877,1.0
2025-09-01,4523.71,0.0,22.63,84.2105,78.2345,1.7369,1.9021,15.3328,16.481,64.2606,49.9267,0.0,-6124809600.0,49.9267,1.0
2025-09-02,4490.45,-0.7352,22.59,84.2657,72.9149,1.3548,1.9161,14.4012,18.7295,64.8277,50.9983,0.0,-3127785000.0,50.9983,1.0
2025-09-03,4459.83,-1.4121,21.59,78.3217,68.3099,1.0395,1.802,13.9615,20.9357,66.4589,52.8019,0.0,-4054740000.0,52.8019,1.0
2025-09-04,4365.21,-3.5038,22.42,74.4755,56.4463,0.3153,1.7369,13.2717,27.6917,68.6771,56.3815,35.56,4853602400.0,56.3815,1.0
2025-09-05,4460.32,-1.4013,20.72,79.021,63.3387,0.9158,1.6648,13.8294,22.2835,66.1472,52.9881,5.2169,1303419900.0,52.9881,1.0
2025-09-08,4467.57,-1.241,20.6,81.8182,63.8088,0.8878,1.6139,14.1805,22.0951,65.6142,52.5585,0.0,-7065780400.0,52.5585,1.0
2025-09-09,4436.26,-1.9331,20.72,81.8182,60.2173,0.5605,1.51,14.0137,24.338,66.5069,53.8562,0.0,-4898031300.0,53.8562,1.0
2025-09-10,4445.36,-1.732,18.51,80.0699,60.906,0.562,1.4552,13.6416,22.4684,65.4846,52.5797,0.0,-2991371300.0,52.5797,1.0
2025-09-11,4548.03,0.0,18.19,84.6154,67.7003,1.4172,1.4358,13.8469,18.2732,63.1028,49.6539,16.4495,4182847800.0,49.6539,1.0
2025-09-12,4522.0,-0.5723,19.72,81.4685,64.6334,1.0913,1.4567,13.9683,21.4296,63.946,51.1911,0.0,-1129566000.0,51.1911,1.0
2025-09-15,4533.06,-0.3292,20.33,80.0699,65.3516,1.1316,1.4326,12.7004,21.8451,63.7245,51.1607,0.0,-4441065300.0,51.1607,1.0
2025-09-16,4523.34,-0.5429,21.45,79.7203,64.1192,0.9919,1.4542,12.1987,23.39,64.4491,52.1314,0.0,-982766700.0,52.1314,1.0
2025-09-17,4551.02,0.0,22.18,80.0699,66.0809,1.3333,1.4974,11.9813,22.0423,63.8924,51.3374,0.0,-164302000.0,51.3374,1.0
2025-09-18,4498.11,-1.1626,20.88,75.5245,59.3962,0.4664,1.5746,11.9049,25.796,65.7674,53.7759,0.0,-4910001000.0,53.7759,1.0
2025-09-19,4501.92,-1.0789,19.99,75.8741,59.7122,0.4605,1.5431,11.2837,25.0606,65.3769,53.282,0.0,-558648200.0,53.282,1.0
2025-09-22,4522.61,-0.6243,19.99,74.4755,61.4663,0.8207,1.5178,10.4868,24.2767,65.2204,52.9373,0.0,-4525731300.0,52.9373,1.0
2025-09-23,4519.78,-0.6864,21.45,73.7762,61.0746,0.6923,1.5291,9.483,25.9738,64.6795,53.0678,0.0,-2570701400.0,53.0678,1.0
2025-09-24,4566.07,0.0,18.97,75.8741,65.0031,1.5345,1.5163,9.1202,19.9552,63.3492,50.331,0.0,-1749946100.0,50.331,1.0
2025-09-25,4593.49,0.0,17.79,73.4266,67.1199,1.8243,1.4164,8.9288,18.7028,63.3646,49.9661,0.0,-1119428900.0,49.9661,1.0
2025-09-26,4550.05,-0.9457,18.32,73.4266,60.8413,0.8933,1.3893,7.2407,24.5095,64.6754,52.6256,4.9219,1225700200.0,52.6256,1.0
2025-09-29,4620.05,0.0,20.14,75.1748,66.3102,1.9381,1.3889,5.7688,22.7278,62.8452,50.81,18.4877,4635603300.0,50.81,1.0
2025-09-30,4640.69,0.0,18.1,76.9231,67.7408,1.9443,1.3459,4.6643,21.2134,63.058,50.5046,0.0,-1015599200.0,50.5046,1.0
2025-10-09,4709.48,0.0,17.52,77.972,72.0073,2.4049,1.3782,6.8303,15.0469,61.8512,47.8099,6.6297,1698837600.0,47.8099,1.0
2025-10-10,4616.83,-1.9673,18.02,77.972,60.4173,1.1206,1.3904,7.1305,22.6016,64.1264,51.6689,18.8789,4872478400.0,51.6689,1.0
2025-10-13,4593.98,-2.4525,22.19,75.8741,57.9404,0.7007,1.4111,6.8945,28.6441,64.9985,54.0922,0.0,-1634625500.0,54.0922,1.0
2025-10-14,4539.06,-3.6187,23.29,77.6224,52.3818,-0.1982,1.4556,5.7755,33.2555,66.037,56.2026,0.0,-3789482400.0,56.2026,1.0
2025-10-15,4606.29,-2.1911,20.06,79.021,57.7281,0.7941,1.4406,5.6027,26.9371,63.9639,52.8558,6.9957,1828376500.0,52.8558,1.0
2025-10-16,4618.42,-1.9335,20.06,80.0699,58.6306,0.9349,1.3572,5.6673,26.6866,63.0939,52.1717,0.0,-3716926700.0,52.1717,1.0
2025-10-17,4514.23,-4.1459,22.49,74.4755,48.9614,-0.9719,1.2934,3.837,39.1267,66.4443,58.249,15.7425,1438403800.0,58.249,1.0
2025-10-20,4538.22,-3.6365,22.18,74.4755,50.9665,-0.5508,1.2235,3.3523,38.3838,65.3113,57.2331,15.9092,4233518900.0,57.2331,1.0
2025-10-21,4607.87,-2.1576,20.29,75.8741,56.3307,0.6744,1.1405,3.1442,33.1519,63.5293,54.4161,0.0,-774724400.0,54.4161,1.0
2025-10-22,4592.57,-2.4824,20.93,76.9231,54.9096,0.3319,1.0919,2.5146,35.4825,63.8139,55.3144,0.0,-4253887800.0,55.3144,1.0
2025-10-23,4606.34,-2.1901,18.4506,77.2727,55.9858,0.5391,1.0576,1.9012,33.1797,63.0406,54.0823,0.0,-1185494600.0,54.0823,1.0
2025-10-24,4660.68,-1.0362,16.76,77.2727,60.0391,1.4223,1.061,2.265,27.7543,61.5307,51.3978,0.0,-2031941000.0,51.3978,1.0
2025-10-27,4716.02,0.0,18.27,79.021,63.7049,2.1302,1.1303,3.4719,23.8657,60.0256,49.1776,1.3907,372790100.0,49.1776,1.0
2025-10-28,4691.97,-0.51,18.21,78.6713,61.0824,1.5238,1.161,3.1721,26.6521,61.0456,50.7275,10.7149,2872947000.0,50.7275,1.0
2025-10-29,4747.84,0.0,18.92,78.3972,64.7162,2.1378,1.2304,3.6893,23.4274,60.699,49.5175,8.3403,2262780300.0,49.5175,1.0
2025-10-30,4709.91,-0.7989,18.5,79.0941,60.5806,1.3578,1.322,2.7781,26.621,62.3109,51.604,0.0,-2899164400.0,51.604,1.0
2025-10-31,4640.67,-2.2572,18.82,77.7003,53.8195,0.2312,1.3615,1.7065,32.5993,66.3597,56.2316,35.9608,10851512300.0,56.2316,1.0
2025-11-03,4653.4,-1.9891,19.34,80.4878,54.8179,0.3637,1.3333,2.8647,31.0714,65.4933,55.1667,0.0,-2510215800.0,55.1667,1.0
2025-11-04,4618.7,-2.72,19.49,78.3972,51.5465,-0.2043,1.3046,2.5405,34.3051,66.1152,56.5722,0.0,-8688552000.0,56.5722,1.0
2025-11-05,4627.26,-2.5397,19.71,75.9582,52.3027,-0.053,1.2589,4.0023,33.6089,65.9552,56.2513,0.0,-230167100.0,56.2513,1.0
2025-11-06,4693.4,-1.1466,19.17,77.3519,57.7849,1.0621,1.2149,2.1127,30.8037,63.9042,53.974,0.0,-4017202100.0,53.974,1.0
2025-11-07,4678.79,-1.4543,19.09,78.0488,56.247,0.7562,1.1774,2.0559,32.0112,64.3422,54.6429,0.0,-1324911100.0,54.6429,1.0
2025-11-10,4695.05,-1.1119,19.09,80.1394,57.5995,0.9288,1.1844,2.2758,30.4884,63.6719,53.7169,0.9152,282709400.0,53.7169,1.0
2025-11-11,4652.17,-2.015,20.22,77.972,52.9508,0.1514,1.1943,2.3425,34.9483,64.869,55.8928,0.0,-596704200.0,55.8928,1.0
2025-11-12,4645.91,-2.1469,20.91,78.3217,52.2874,0.0077,1.2037,2.1186,36.0438,64.6219,56.0485,3.3222,1014418400.0,56.0485,1.0
2025-11-13,4702.07,-0.964,20.52,77.6224,57.4394,0.9099,1.2011,1.9677,32.6968,63.2136,54.0586,0.0,-365351200.0,54.0586,1.0
2025-11-14,4628.14,-2.5211,20.69,76.2238,49.8138,-0.5563,1.1973,2.5638,37.9765,65.3001,57.103,3.4574,1049464300.0,57.103,1.0
2025-11-17,4598.05,-3.1549,21.22,73.8676,47.0745,-1.3974,1.1678,2.8628,41.8786,66.6015,59.1847,10.011,2994350400.0,59.1847,1.0
2025-11-18,4568.19,-3.7838,22.09,72.1254,44.4616,-1.9074,1.1614,2.3736,45.7619,67.5263,60.997,0.4814,141952000.0,60.997,1.5
2025-11-19,4588.29,-3.3605,21.34,72.8223,46.6099,-1.4583,1.138,1.8384,43.7425,66.3861,59.593,0.0,-436040100.0,59.593,1.0
2025-11-20,4564.95,-3.8521,20.85,71.5789,44.4593,-1.7997,1.1004,1.6623,45.718,66.8224,60.4911,4.741,1399688100.0,60.4911,1.5
2025-11-21,4453.61,-6.1971,22.53,64.5614,35.9403,-2.8817,1.1028,0.2208,55.3827,70.2883,65.8167,59.6094,13082028000.0,65.8167,1.5
2025-11-24,4448.05,-6.3142,21.3,65.9649,35.5737,-2.3881,1.0817,-0.8924,54.7898,70.8109,66.0045,22.5765,7405061800.0,66.0045,1.5
2025-11-25,4490.4,-5.4223,20.52,67.0175,40.5478,-1.6089,1.0682,-1.2396,50.0869,69.2096,63.4728,0.0,-6488412000.0,63.4728,1.5
2025-11-26,4517.63,-4.8487,19.7,67.0175,43.5649,-1.1671,1.0751,-1.4591,47.4071,68.5894,62.2347,0.0,-7023920200.0,62.2347,1.5
2025-11-27,4515.4,-4.8957,18.7564,65.2632,43.3707,-1.0864,1.0754,-1.0545,46.3585,68.2648,61.6929,0.0,-1690278200.0,61.6929,1.5
2025-11-28,4526.66,-4.6585,18.64,65.9649,44.7103,-0.8558,1.03,-0.4992,44.94,68.3801,61.3481,0.0,-136104500.0,61.3481,1.5
2025-12-01,4576.49,-3.609,18.99,68.5315,50.3121,-0.1691,1.0468,-0.4157,41.3856,66.9986,59.3147,0.0,-3254836200.0,59.3147,1.0
2025-12-02,4554.33,-4.0757,19.1,65.7343,47.9838,-0.4158,1.0207,-0.1934,43.3948,67.3346,60.1527,0.0,-1322241000.0,60.1527,1.5
2025-12-03,4531.05,-4.5661,18.4,65.7343,45.5966,-0.6539,1.0075,-0.3377,44.092,68.1748,60.95,0.7475,247294200.0,60.95,1.5
2025-12-04,4546.57,-4.2392,17.0,64.6853,47.4728,-0.3774,0.9881,-0.5668,42.2381,67.5363,59.9468,5.0435,1662687600.0,59.9468,1.0
2025-12-05,4584.54,-3.4395,16.0,66.7832,51.848,0.22,1.0038,-0.4611,37.9482,66.8997,58.2142,14.3929,4721132800.0,58.2142,1.0
2025-12-08,4621.75,-2.6557,15.72,65.7343,55.7388,0.8767,1.0218,-0.0166,34.8972,65.917,56.6111,5.7516,1885235200.0,56.6111,1.0
2025-12-09,4598.22,-3.1513,15.31,62.5874,52.8316,0.5743,1.0578,0.2305,36.4292,66.7212,57.6336,0.0,-2967377000.0,57.6336,1.0
2025-12-10,4591.83,-3.2859,16.45,62.2378,52.0379,0.5367,1.0705,0.496,37.6341,67.2611,58.373,0.0,-3645014000.0,58.373,1.0
2025-12-11,4552.18,-4.121,16.12,60.8392,47.29,-0.013,1.107,0.0801,40.3698,68.4818,60.0482,0.8271,264103100.0,60.0482,1.5
2025-12-12,4580.95,-3.5151,15.49,62.2378,50.7979,0.659,1.1496,0.3651,36.2543,67.8816,58.3934,19.7062,6265554400.0,58.3934,1.0
2025-12-15,4552.06,-4.1236,15.65,62.9371,47.3875,0.0868,1.118,0.2519,38.7069,67.6251,58.9497,0.0,-842021100.0,58.9497,1.0
2025-12-16,4497.55,-5.2717,16.34,60.8392,41.699,-1.0229,1.0961,0.1293,44.3829,69.2958,61.8219,0.6222,200334800.0,61.8219,1.5
2025-12-17,4579.88,-3.5376,16.11,61.8881,51.2229,0.7813,1.0999,0.224,37.1093,66.9922,58.0273,8.357,2662308400.0,58.0273,1.0
2025-12-18,4552.79,-4.1082,16.53,63.2867,48.4201,0.2022,1.0759,0.3302,39.1822,67.3121,58.8732,2.1999,703437000.0,58.8732,1.0
2025-12-19,4568.18,-3.784,15.68,63.5088,50.0909,0.4629,1.0335,1.7166,36.251,67.1036,57.8478,5.1977,1662485600.0,57.8478,1.0
2025-12-22,4611.62,-2.8691,14.9,63.1579,54.5647,1.5165,1.0438,2.3519,30.9494,65.7609,55.3174,0.0,-5158408000.0,55.3174,1.0
2025-12-23,4620.73,-2.6772,14.67,62.807,55.4663,1.6332,1.0646,2.7923,29.604,65.4147,54.6715,0.0,-5482975600.0,54.6715,1.0
2025-12-24,4634.06,-2.3965,15.65,63.1579,56.8166,1.7746,1.0733,2.9547,29.5807,65.0825,54.432,5.5801,1799655600.0,54.432,1.0
2025-12-25,4642.54,-2.2179,15.24,64.2105,57.6953,1.7825,1.1047,2.9932,28.2938,64.7737,53.8297,6.7908,2185360000.0,53.8297,1.0
2025-12-26,4657.24,-1.9082,15.61,64.9123,59.2437,1.8937,1.1546,2.848,27.4522,64.5235,53.4021,22.7414,7321531700.0,53.4021,1.0
2025-12-29,4639.37,-2.2846,16.03,63.986,56.5349,1.2987,1.1853,2.7612,30.5278,64.4582,54.279,0.0,-5266211100.0,54.279,1.0
2025-12-30,4651.28,-2.0338,16.43,63.5088,57.9159,1.4128,1.2121,2.8201,30.1265,64.0739,53.8896,0.0,-957954000.0,53.8896,1.0
2025-12-31,4629.94,-2.4832,16.37,63.1579,54.5701,0.8284,1.23,2.392,32.9528,64.5759,55.089,0.0,-3434906600.0,55.089,1.0
2026-01-05,4717.75,-0.6338,18.3,66.6667,63.8297,2.3863,1.3003,3.12,25.0594,62.1433,51.0181,13.3605,4469183700.0,51.0181,1.0
2026-01-06,4790.69,0.0,22.53,70.5263,69.4076,2.8294,1.3717,3.9855,24.4319,60.1278,49.419,14.6987,4959721400.0,49.419,1.0
2026-01-07,4776.67,-0.2927,17.83,69.8246,67.2606,2.156,1.4503,4.2079,21.7386,60.6422,48.9711,0.0,-5964534900.0,48.9711,1.0
2026-01-08,4737.65,-1.1071,20.52,69.8246,61.5535,1.4338,1.5218,4.423,27.5505,61.9779,51.6497,0.0,-1309379700.0,51.6497,1.0
2026-01-09,4758.92,-0.6632,20.3,71.9298,63.3776,1.5145,1.641,4.5478,25.4391,61.5001,50.6818,16.0687,5481673200.0,50.6818,1.0
2026-01-12,4789.92,-0.0161,21.75,73.6842,65.9159,1.67,1.754,6.66,22.5093,60.9312,49.4047,0.0,-2580591000.0,49.4047,1.0
2026-01-13,4761.03,-0.6191,24.52,71.5789,61.629,1.1938,1.8418,7.314,26.8327,61.4625,51.0735,0.0,-2281543700.0,51.0735,1.0
2026-01-14,4741.93,-1.0178,20.5,69.4737,58.9015,0.8795,1.9553,7.7175,24.8577,62.5767,51.261,0.0,-7424030500.0,51.261,1.0
2026-01-15,4751.43,-0.8195,16.81,67.3684,59.8532,0.9287,1.96,8.5658,21.1825,62.5417,50.1339,0.0,-58062805600.0,50.1339,1.0
2026-01-16,4731.87,-1.2278,16.36,64.5614,56.9301,0.5949,1.9403,9.194,23.1172,63.5763,51.4385,0.0,-84231974700.0,51.4385,1.0
2026-01-19,4734.46,-1.1737,16.53,64.3357,57.228,0.5546,1.8323,8.9977,23.8608,63.6656,51.7242,0.0,-38901427900.0,51.7242,1.0
2026-01-20,4718.88,-1.4989,15.56,65.7343,54.7739,0.2328,1.7278,8.237,24.3123,63.7208,51.8982,0.0,-47850800100.0,51.8982,1.0
2026-01-21,4723.07,-1.4115,16.09,63.7631,55.3287,0.2242,1.5717,8.1601,26.0265,64.0785,52.6629,0.0,-76774160800.0,52.6629,1.0
2026-01-22,4723.71,-1.3981,15.76,63.0662,55.4187,0.1546,1.5424,7.6729,26.5002,63.9921,52.7445,0.0,-51165525300.0,52.7445,1.0
2026-01-23,4702.5,-1.8409,17.78,62.0209,51.7027,-0.3376,1.5417,7.1855,31.4118,65.1481,55.0272,0.0,-66306791100.0,55.0272,1.0
2026-01-26,4706.96,-1.7478,19.22,64.1115,52.4251,-0.3335,1.595,7.0998,31.7967,64.6149,54.7694,0.0,-87137907700.0,54.7694,1.0
2026-01-27,4705.69,-1.7743,17.94,61.6725,52.1857,-0.4356,1.6019,7.1023,31.5886,64.6126,54.7054,0.0,-43042272900.0,54.7054,1.0
2026-01-28,4717.99,-1.5175,18.17,60.6272,54.3592,-0.2722,1.636,7.5118,30.6912,64.1141,54.0872,0.0,-112365798600.0,54.0872,1.0
2026-01-29,4753.87,-0.7686,17.95,63.4146,60.0624,0.5736,1.6874,7.2353,26.17,62.7211,51.7558,0.0,-39366824000.0,51.7558,1.0
2026-01-30,4706.34,-1.7607,18.09,59.2334,50.9753,-1.1677,1.6541,6.9131,34.5846,64.4112,55.4632,0.0,-14150092000.0,55.4632,1.0
2026-02-02,4605.98,-3.8556,27.31,55.7491,37.9271,-3.2212,1.5771,5.8674,52.5412,67.5414,63.0413,26.6465,-20636902100.0,63.0413,1.5
2026-02-03,4660.11,-2.7257,24.08,55.7491,45.9616,-1.6473,1.5343,4.9769,46.0296,66.4168,60.3007,3.0784,6940236600.0,60.3007,1.5
2026-02-04,4698.68,-1.9206,22.64,59.5819,50.8439,-0.598,1.4782,3.4278,41.2421,64.7088,57.6688,0.0,-5834212300.0,57.6688,1.0
2026-02-05,4670.42,-2.5105,24.78,59.9303,47.4604,-1.2059,1.3615,2.3399,47.1436,65.4127,59.932,0.0,-832814700.0,59.932,1.0
2026-02-06,4643.6,-3.0703,18.09,57.3427,44.438,-1.6541,1.2842,1.4219,45.8502,66.1602,60.0672,1.9274,4351656200.0,60.0672,1.5
2026-02-09,4719.06,-1.4952,23.98,59.4406,53.425,0.2701,1.2455,-0.3169,44.9859,64.0937,58.3614,0.9682,2188560900.0,58.3614,1.0
2026-02-10,4724.3,-1.3858,22.73,59.4406,53.9816,0.4799,1.197,-0.8121,44.1963,63.7439,57.8796,0.0,-5605390200.0,57.8796,1.0
2026-02-11,4713.82,-1.6046,17.83,59.7902,52.627,0.2331,1.1436,-1.9696,42.122,64.0151,57.4472,0.0,-227487000.0,57.4472,1.0
2026-02-12,4719.58,-1.4843,22.3,58.3916,53.3203,0.4612,1.1389,-2.6616,46.587,64.3182,58.9989,0.1481,334236900.0,58.9989,1.0
2026-02-13,4660.41,-2.7194,22.01,57.3427,45.8899,-1.167,1.1206,-5.233,54.9917,66.4327,63.0004,0.0,-15198111600.0,63.0004,1.5
2026-02-24,4707.54,-1.7357,16.81,57.6923,51.6674,0.2513,1.1143,-3.6829,43.8385,64.5992,58.371,0.0,-1832203800.0,58.371,1.0
2026-02-25,4735.89,-1.1439,16.01,57.8947,54.7942,1.0505,1.1509,-2.307,38.7497,63.7429,56.245,0.6245,1405761800.0,56.245,1.0
2026-02-26,4726.87,-1.3322,15.33,58.2456,53.606,0.778,1.208,-1.9875,38.1882,64.0645,56.3016,0.0,-13462379000.0,56.3016,1.0
2026-02-27,4710.65,-1.6707,14.95,58.9474,51.4455,0.3276,1.2434,-2.0561,38.9361,65.0012,57.1817,0.0,-2563902100.0,57.1817,1.0
2026-03-02,4728.67,-1.2946,15.93,56.8421,53.6791,0.8053,1.3505,-1.8413,37.9693,63.769,56.0291,0.0,-14389315800.0,56.0291,1.0
2026-03-03,4655.9,-2.8136,19.08,52.2807,44.7304,-1.1803,1.4447,-2.7404,49.7279,64.4619,60.0417,0.0,-1601508400.0,60.0417,1.5
2026-03-04,4602.62,-3.9257,19.49,49.1228,39.5338,-2.1842,1.4326,-2.9708,56.0908,66.4284,63.3272,1.8362,4092244300.0,63.3272,1.5
2026-03-05,4647.69,-2.985,16.57,51.2281,45.3207,-0.9943,1.4163,-3.3538,47.6482,65.3782,60.0592,0.0,-9351953300.0,60.0592,1.5
2026-03-06,4660.44,-2.7188,15.2,52.2807,46.8698,-0.614,1.3855,-3.4726,45.0072,65.0967,59.0698,0.5636,1256682900.0,59.0698,1.0
2026-03-09,4615.46,-3.6577,18.97,50.8772,42.3152,-1.5353,1.3439,-2.636,52.4424,65.5522,61.6193,0.0,-105939600.0,61.6193,1.5
2026-03-10,4674.76,-2.4199,16.34,52.2807,49.3089,-0.2339,1.2655,-2.057,44.2248,64.8865,58.688,0.0028,6138400.0,58.688,1.0
2026-03-11,4704.5,-1.7991,17.83,54.386,52.4243,0.4782,1.2792,-1.7531,42.2055,63.6321,57.2041,0.0,-5974444500.0,57.2041,1.0
2026-03-12,4687.56,-2.1527,16.57,55.0877,50.5197,0.0539,1.2831,-1.1195,41.543,63.8764,57.1764,0.0,-3638653200.0,57.1764,1.0
2026-03-13,4669.14,-2.5372,17.83,55.4386,48.4582,-0.4228,1.302,-1.1566,44.1923,63.6717,57.8279,0.6435,1428164300.0,57.8279,1.0
2026-03-16,4671.56,-2.4867,19.58,55.4386,48.7541,-0.4073,1.2658,-0.153,45.1607,63.4048,57.9316,1.3568,3015207600.0,57.9316,1.0
2026-03-17,4637.44,-3.1989,18.97,53.3333,44.8454,-1.1868,1.244,-0.513,48.6732,64.1373,59.4981,0.7366,1640185200.0,59.4981,1.0
2026-03-18,4658.33,-2.7629,21.05,53.6842,47.6145,-0.5664,1.1953,-0.2728,48.3037,63.9163,59.2325,0.8761,1951823500.0,59.2325,1.0
2026-03-19,4583.25,-4.3301,18.97,49.1228,39.8672,-2.1431,1.1599,0.1682,54.4006,65.3676,62.0775,1.3114,2916438000.0,62.0775,1.5
2026-03-20,4567.02,-4.6688,20.76,47.7193,38.4122,-2.1222,1.1462,-0.5515,57.4785,65.9727,63.4244,3.1543,7023776100.0,63.4244,1.5
2026-03-23,4418.0,-7.7795,43.6,38.2456,28.2262,-3.3081,1.155,1.203,72.9934,71.3002,71.8082,22.6244,8931598200.0,71.8082,1.5
2026-03-24,4474.72,-6.5955,31.59,42.1053,35.2628,-2.0912,1.141,-0.3775,66.5666,69.6022,68.6915,0.4737,1060711300.0,68.6915,1.5
2026-03-25,4537.47,-5.2857,18.3,46.3158,42.0336,-1.1804,1.1536,-1.1528,52.0937,67.7407,63.0466,0.0,-7706045200.0,63.0466,1.5
2026-03-26,4477.53,-6.5368,20.09,43.5088,37.9505,-1.7001,1.1358,-1.9329,58.11,69.2603,65.9152,0.0,-1162913000.0,65.9152,1.5
2026-03-27,4502.57,-6.0142,19.07,43.5088,40.5486,-1.2608,1.0901,-2.3024,55.7973,68.1098,64.416,0.6401,1431590300.0,64.416,1.5
2026-03-30,4491.95,-6.2358,19.58,43.8596,39.7877,-1.2623,1.0356,-2.172,56.7038,67.9446,64.5724,0.0,-4178321700.0,64.5724,1.5
2026-03-31,4450.05,-7.1105,18.09,42.1053,36.8496,-1.5551,1.0252,-1.6451,56.9161,68.3433,64.9152,0.0,-726243600.0,64.9152,1.5
2026-04-01,4526.07,-5.5236,18.18,43.1579,44.8123,-0.6393,1.0066,-1.3058,51.9794,66.1578,61.9043,0.0,-749858900.0,61.9043,1.5
2026-04-02,4478.91,-6.508,19.26,42.4561,41.3306,-1.0587,0.9956,-2.0358,55.9152,67.3832,63.9428,0.0,-2499252400.0,63.9428,1.5
2026-04-03,4440.79,-7.3037,19.96,40.4181,38.7124,-1.3275,0.9748,-2.4715,59.2166,68.9207,66.0095,1.3041,2906792200.0,66.0095,1.5
2026-04-07,4440.62,-7.3073,19.26,38.676,38.7006,-1.1972,0.9429,-2.3188,58.6896,69.0423,65.9364,1.0047,2242331100.0,65.9364,1.5
2026-04-08,4595.56,-4.0731,16.99,44.2509,52.7932,0.4896,0.986,-2.0641,46.7283,64.8341,59.4023,4.7837,10694410000.0,59.4023,1.0
2026-04-09,4566.22,-4.6855,16.45,42.5087,50.4289,0.2651,0.9966,-1.9858,47.6259,65.6649,60.2532,0.0,-8584012100.0,60.2532,1.5
2026-04-10,4636.57,-3.2171,16.94,43.2056,55.5671,1.1756,1.0434,-1.9061,43.9751,64.1006,58.063,0.0,-5634671000.0,58.063,1.0
2026-04-13,4646.15,-3.0171,17.45,44.2509,56.2324,1.3354,1.092,-0.8223,42.1715,63.9485,57.4154,0.0,-6584178300.0,57.4154,1.0
2026-04-14,4701.28,-1.8663,17.69,45.6446,59.9489,1.945,1.1679,-0.5716,38.4318,62.5734,55.3309,0.0,-3967921100.0,55.3309,1.0
2026-04-15,4685.25,-2.2009,17.61,44.9477,58.3962,1.6527,1.1625,0.1552,39.1813,62.952,55.8208,0.0,-351832900.0,55.8208,1.0
2026-04-16,4736.61,-1.1289,17.42,45.2962,61.8093,2.0476,1.1807,0.4697,36.3145,61.7809,54.141,0.0,-541801300.0,54.141,1.0
2026-04-17,4728.67,-1.2946,16.91,43.9024,60.9765,1.734,1.1891,0.7202,37.109,62.369,54.791,0.0,-3640857700.0,54.791,1.0
2026-04-20,4757.44,-0.6941,16.47,45.8042,62.9258,1.7624,1.2302,2.5055,33.5827,61.1882,52.9066,0.0,-7943824800.0,52.9066,1.0
2026-04-21,4768.0,-0.4736,16.33,44.4056,63.6436,1.6523,1.231,3.2068,33.2948,60.853,52.5855,0.0,-5937262400.0,52.5855,1.0
2026-04-22,4799.63,0.0,16.7,45.8042,65.7809,1.6901,1.2432,4.0063,31.776,60.5926,51.9476,0.0,-8765436900.0,51.9476,1.0
2026-04-23,4786.33,-0.2771,16.21,45.4545,64.0752,1.405,1.2862,4.025,32.3428,60.5363,52.0782,0.0,-11263926900.0,52.0782,1.0
2026-04-24,4769.37,-0.6305,16.26,45.1049,61.872,1.1467,1.3044,3.6261,34.0768,61.1123,53.0016,0.0,-5382114600.0,53.0016,1.0
2026-04-27,4770.95,-0.5975,16.51,44.4056,62.003,1.0482,1.3015,4.5454,33.9339,60.9581,52.8509,0.0,-13087401500.0,52.8509,1.0
2026-04-28,4758.21,-0.863,16.18,44.7552,60.2057,0.8563,1.3105,4.2362,34.6725,61.1776,53.2261,0.0,-11197889500.0,53.2261,1.0
2026-04-29,4810.35,0.0,16.14,44.4056,64.7139,1.1753,1.3094,4.71,32.2574,60.2972,51.8853,0.0,-4157891900.0,51.8853,1.0
2026-04-30,4807.31,-0.0632,16.27,45.1049,64.2568,1.0428,1.2984,4.0271,33.4415,60.6585,52.4934,0.0,-27702703000.0,52.4934,1.0
2026-05-06,4877.09,0.0,15.76,45.4545,69.5698,1.5003,1.3505,6.0668,27.7677,59.3564,49.8798,0.0,-10771664100.0,49.8798,1.0
2026-05-07,4900.51,0.0,16.99,46.5035,71.1213,1.6367,1.3995,7.9456,25.8143,59.5314,49.4163,0.0,-24435322000.0,49.4163,1.0
2026-05-08,4871.91,-0.5836,20.09,46.5035,66.6521,1.4041,1.4447,8.4055,30.3356,60.2904,51.3039,0.0,-20329631100.0,51.3039,1.0
2026-05-11,4951.84,0.0,19.62,50.3497,71.9561,2.0372,1.5304,8.912,25.0094,58.9728,48.7838,0.0,-24588978500.0,48.7838,1.0
2026-05-12,4948.05,-0.0765,20.54,47.9021,71.3764,1.869,1.5727,9.2525,26.9974,59.2749,49.5917,0.0,-13568589900.0,49.5917,1.0
2026-05-13,4998.34,0.0,20.0,48.6014,74.3314,2.1262,1.5674,9.915,24.7772,58.8412,48.622,0.0,-8389799200.0,48.622,1.0
2026-05-14,4914.6,-1.6754,19.27,45.4545,62.7201,1.1202,1.5813,9.588,30.9165,60.8852,51.8946,0.0,-10972158400.0,51.8946,1.0
2026-05-15,4859.59,-2.7759,19.5,44.5993,56.4786,0.4153,1.6031,8.6871,34.5911,62.247,53.9502,1.4114,931198500.0,53.9502,1.0
2026-05-18,4833.52,-3.2975,19.09,43.554,53.7488,0.0144,1.5367,8.8633,36.3774,62.9561,54.9825,0.0,-2939325500.0,54.9825,1.0
2026-05-19,4852.88,-2.9102,18.84,44.9477,55.4701,0.1987,1.4986,8.6136,35.0646,62.5459,54.3015,0.0,-13570810500.0,54.3015,1.0
2026-05-20,4850.7,-2.9538,18.39,42.5087,55.2209,0.0919,1.4667,8.7662,35.8102,62.9599,54.815,0.0,-13742696300.0,54.815,1.0
2026-05-21,4783.1,-4.3062,18.79,40.0697,48.0168,-0.9203,1.4716,7.2722,41.6744,64.8717,57.9125,0.0,-5822559300.0,57.9125,1.0
2026-05-22,4845.1,-3.0658,18.41,41.8118,53.9506,-0.0666,1.4256,7.1239,37.8357,63.3533,55.698,0.0,-5955492600.0,55.698,1.0
2026-05-25,4921.6,-1.5353,18.78,41.4634,60.0153,0.9959,1.4498,7.5203,33.7631,61.4536,53.1465,0.0,-28903490200.0,53.1465,1.0
2026-05-26,4947.85,-1.0101,19.51,42.1603,61.8709,1.2529,1.478,7.6407,32.7279,60.7423,52.338,0.0,-6454942900.0,52.338,1.0
2026-05-27,4908.17,-1.804,20.27,39.7213,57.525,0.5853,1.4988,8.2415,36.4239,62.3554,54.5759,0.0,-3666681700.0,54.5759,1.0
2026-05-28,4914.21,-1.6832,19.24,39.0244,58.0085,0.6018,1.4458,7.8303,36.0259,62.3893,54.4803,0.0,-1277425700.0,54.4803,1.0
2026-05-29,4892.12,-2.1251,20.14,38.676,55.5193,0.142,1.4783,6.7292,39.4672,62.7987,55.7992,5.5394,3830551300.0,55.7992,1.0
2026-06-01,4844.26,-3.0826,19.78,37.9791,50.4664,-0.8021,1.4434,6.3016,43.4346,63.7806,57.6768,13.5136,9341227400.0,57.6768,1.0
2026-06-02,4914.56,-1.6762,19.22,40.7666,56.7001,0.4681,1.3976,7.0174,37.3091,61.8027,54.4546,2.3256,1645372200.0,54.4546,1.0
2026-06-03,4938.81,-1.191,19.4,38.676,58.634,0.8812,1.3825,5.7175,37.9416,61.2386,54.2495,0.0,-8262184800.0,54.2495,1.0
2026-06-04,4904.75,-1.8724,19.17,36.2369,54.9236,0.1982,1.3593,4.8207,41.8881,62.6597,56.4282,0.0,-4798143200.0,56.4282,1.0
2026-06-05,4816.92,-3.6296,19.24,36.5854,46.7143,-1.4219,1.3314,3.716,49.226,64.652,60.0242,0.0,-454561500.0,60.0242,1.5
2026-06-08,4713.64,-5.6959,21.08,31.7073,39.2795,-2.6122,1.3194,1.753,60.0173,66.9426,64.865,30.7996,12017563000.0,64.865,1.5
2026-06-09,4801.81,-3.9319,19.5,33.7979,47.0302,-1.1111,1.3017,1.2834,51.7175,64.7479,60.8388,0.0,-9318068500.0,60.8388,1.5
2026-06-10,4748.59,-4.9967,19.24,32.7526,43.4269,-1.7863,1.2522,0.1797,56.1136,65.776,62.8773,0.0,-1048500200.0,62.8773,1.5
2026-06-11,4722.41,-5.5204,19.98,32.4042,41.733,-1.8868,1.2305,-0.3249,58.3284,66.4593,64.02,3.9855,2887086700.0,64.02,1.5
2026-06-12,4777.32,-4.4219,18.78,34.1463,46.4508,-0.9926,1.239,-0.135,52.5066,64.5939,60.9677,1.9401,1408568400.0,60.9677,1.5
2026-06-15,4891.71,-2.1333,19.6,35.8885,54.6828,0.5991,1.2562,0.1558,46.7186,60.4292,56.316,0.0,-5443064000.0,56.316,1.0
2026-06-16,4884.23,-2.283,20.01,33.7979,54.0972,0.4679,1.29,0.897,47.1843,61.4024,57.137,0.0,-9658768300.0,57.137,1.0
2026-06-17,4931.39,-1.3394,21.12,33.3333,57.2088,1.0454,1.3275,1.6419,45.0664,60.6263,55.9583,0.0,-14615232900.0,55.9583,1.0
2026-06-18,4941.6,-1.1352,21.7,30.7958,57.8746,1.0715,1.3898,2.383,44.7918,61.1099,56.2145,0.0,-9358426600.0,56.2145,1.0
2026-06-22,5059.66,0.0,22.88,34.2561,64.7116,2.1944,1.4301,3.2879,38.2072,58.3358,52.2972,0.0,-6157535000.0,52.2972,1.0
2026-06-23,4919.39,-2.7723,23.18,31.1419,53.5839,0.5401,1.4606,2.5986,47.5262,61.7548,57.4862,11.2633,-21684200400.0,57.4862,1.0
2026-06-24,4943.02,-2.3053,22.75,31.1419,54.9881,0.8242,1.4746,2.8109,45.87,61.6664,56.9275,0.0,-24920208900.0,56.9275,1.0
2026-06-25,5020.1,-0.7819,21.6,29.7578,59.3122,1.5662,1.513,3.268,41.4129,60.3211,54.6487,0.0,-31458065700.0,54.6487,1.0
2026-06-26,4868.22,-3.7837,23.18,26.6436,49.2688,-0.0948,1.5278,2.3581,51.0916,64.82,60.7015,2.0203,-1089197600.0,60.7015,1.5
2026-06-29,4926.92,-2.6235,21.7,27.4306,52.6089,0.5363,1.5028,3.1107,46.8083,63.2797,58.3383,0.0,-11909252800.0,58.3383,1.0
2026-06-30,4979.43,-1.5857,22.88,29.8611,55.4354,1.0177,1.483,3.9422,44.6262,62.3602,57.04,0.0,-17502429300.0,57.04,1.0
2026-07-01,4958.98,-1.9899,22.75,30.2083,54.0826,0.7629,1.5091,4.2388,44.9249,62.4375,57.1837,0.0,-3875117700.0,57.1837,1.0
2026-07-02,4812.3,-4.8889,22.88,27.7778,45.5046,-0.7293,1.4907,3.7067,51.8959,66.1859,61.8989,12.1297,6625086400.0,61.8989,1.5
2026-07-03,4842.17,-4.2985,23.18,29.1667,47.3364,-0.3788,1.454,2.7941,51.6268,65.0715,61.0381,0.0,-14727159400.0,61.0381,1.5
2026-07-06,4842.0,-4.3019,20.29,29.1667,47.3267,-0.3966,1.4136,2.9261,49.5363,64.6647,60.1262,0.6022,474145700.0,60.1262,1.5
2026-07-07,4792.26,-5.2849,22.29,26.3889,44.4422,-1.0288,1.3526,3.308,54.1778,65.8544,62.3514,6.0766,4769511400.0,62.3514,1.5
2026-07-08,4755.53,-6.0109,21.86,27.0833,42.3877,-1.3767,1.2576,2.5097,56.6924,66.482,63.5451,18.3867,5567842600.0,63.5451,1.5
2026-07-09,4876.31,-3.6238,21.74,27.4306,50.4925,-0.1274,1.2094,2.6656,51.4983,63.4445,59.8606,2.9045,2278075400.0,59.8606,1.0
2026-07-10,4780.79,-5.5116,21.09,29.4118,45.09,-1.3491,1.2229,2.4571,54.9732,65.7264,62.5004,0.0,-2439340200.0,62.5004,1.5
2026-07-13,4695.38,-7.1997,23.15,27.6817,40.8783,-2.1568,1.1972,1.2906,62.133,67.562,65.9333,27.1446,22027929100.0,65.9333,1.5
2026-07-14,4796.5,-5.2011,21.5,29.0657,47.17,-0.9369,1.2048,0.0606,56.0407,64.5998,62.0321,9.0967,7764245400.0,62.0321,1.5
2026-07-15,4786.78,-5.3932,21.25,30.0,46.6561,-0.9659,1.2029,-1.2587,57.0428,64.5855,62.3227,3.3214,2874157200.0,62.3227,1.5
2026-07-16,4698.43,-7.1394,22.69,29.3103,42.1593,-1.6708,1.1584,-3.1838,63.7869,67.373,66.2972,20.9917,18243169300.0,66.2972,1.5
2026-07-17,4529.1,-10.4861,23.75,26.8966,35.1641,-2.5874,1.0945,-6.3262,73.7772,71.7892,72.3856,63.2906,25034320600.0,72.3856,2.0
2026-07-20,4598.32,-9.118,24.06,31.0345,39.5777,-1.8192,1.0826,-9.2528,70.6291,68.3958,69.0658,72.4303,34048538600.0,69.0658,2.0
2026-07-21,4739.23,-6.333,21.81,31.3793,47.4238,-0.5996,1.101,-9.4364,63.1812,65.1264,64.5428,0.0,-960699800.0,64.5428,2.0
2026-07-22,4717.24,-6.7676,20.21,34.4828,46.4109,-0.7004,1.1057,-9.8256,61.5313,65.4323,64.262,0.0,-12491961000.0,64.262,2.0
2026-07-23,4728.0,-6.555,19.78,36.8966,47.0073,-0.5339,1.0876,-10.6748,60.1041,64.8746,63.4435,4.6337,4922364800.0,63.4435,2.0
2026-07-24,4649.19,-8.1126,19.95,33.1034,43.2139,-1.1338,1.027,-10.8021,64.1859,67.3849,66.4252,15.3538,-1154917500.0,66.4252,2.0
2026-07-27,4702.43,-7.0604,20.23,33.4483,46.3629,-0.5781,0.9746,-10.2056,62.5437,65.9553,64.9318,9.6264,10250061300.0,64.9318,1.5
2026-07-28,4569.52,-9.6872,22.74,32.7586,40.3476,-1.698,0.8969,-11.6841,69.9406,68.9484,69.2461,21.1802,3311449900.0,69.2461,1.5
2026-07-29,4600.26,-9.0797,23.34,34.1379,42.215,-1.3296,0.8664,-12.8268,68.6861,68.3164,68.4273,31.6059,18197379000.0,68.4273,1.5
2026-07-30,4549.72,-10.0785,24.82,36.5517,39.998,-1.637,0.8775,-13.8636,70.6478,69.0611,69.5371,41.7549,8692562500.0,69.5371,1.5
2026-07-31,4588.2,-9.318,22.72,36.8966,42.4751,-1.1355,0.9264,-13.1388,66.3542,68.4502,67.8214,16.6003,-3265920400.0,67.8214,1.5
2026-08-03,4543.18,-10.2078,21.09,34.8276,40.375,-1.4423,0.9197,-13.1238,67.1236,70.0095,69.1437,17.8073,12106717100.0,69.1437,1.5
2026-08-04,4600.93,-9.0664,21.6,32.069,44.1871,-0.7696,0.9346,-12.334,65.3095,69.501,68.2436,9.7185,-4048578900.0,68.2436,1.5
2026-08-05,4658.15,-7.9355,20.51,34.1379,47.7516,-0.129,0.9631,-11.3534,61.295,67.9868,65.9793,0.0,-11961787200.0,65.9793,1.5
2026-08-06,4651.31,-8.0707,20.37,34.4828,47.3622,-0.0951,0.9772,-10.8581,61.0117,67.9259,65.8516,3.4626,-9119907900.0,65.8516,1.5
2026-08-07,4694.44,-7.2183,19.5,35.1724,50.124,0.5086,0.9857,-10.2729,57.8845,66.7522,64.0919,0.0,-12611349900.0,64.0919,1.5
2026-08-10,4702.02,-7.0685,19.59,35.8621,50.6144,0.6002,1.0274,-8.74,57.1427,66.2565,63.5224,0.0,-5624932200.0,63.5224,1.5
2026-08-11,4663.79,-7.824,19.57,34.8276,48.0483,0.2148,1.0354,-8.3455,58.8796,67.3465,64.8064,0.0,-564674400.0,64.8064,1.5
2026-08-12,4690.92,-7.2878,18.74,33.7931,49.9862,0.7309,0.9937,-7.6392,56.6302,67.064,63.9339,0.0,-7805472100.0,63.9339,1.5
2026-08-13,4663.95,-7.8209,18.39,32.069,48.0667,0.3455,0.9939,-6.6217,57.1551,67.9014,64.6775,0.0,-5871079200.0,64.6775,1.5
2026-08-14,4665.88,-7.7827,18.04,33.4483,48.2199,0.2931,0.9505,-3.9773,54.3617,68.0434,63.9389,0.0,-569665200.0,63.9389,1.5
2026-08-17,4741.1,-6.2961,17.92,35.1724,53.9259,1.4128,0.9383,-1.1899,46.9337,65.9832,60.2683,0.0,-6832163900.0,60.2683,1.5
2026-08-18,4725.81,-6.5983,18.49,35.1724,52.6557,1.1872,0.9437,-1.0009,48.2958,66.212,60.8371,0.0,-6146051400.0,60.8371,1.5
2026-08-19,4588.7,-9.3081,20.35,32.7586,42.8978,-1.0148,0.9717,-2.1295,59.245,70.0125,66.7822,42.8044,18432599700.0,66.7822,1.5
2026-08-20,4592.75,-9.2281,19.57,31.7241,43.2325,-0.8574,0.933,-1.8347,58.372,70.029,66.5319,0.7541,-587588800.0,66.5319,1.5
2026-08-21,4618.9,-8.7113,19.21,32.7586,45.4552,-0.3756,0.9115,-1.2481,55.6794,70.1861,65.8341,0.0,-2908228200.0,65.8341,1.5
2026-08-24,4563.13,-9.8135,20.52,31.7241,41.7047,-1.2096,0.8806,-1.7782,60.9086,71.6657,68.4386,11.6711,3841877500.0,68.4386,1.5
2026-08-25,4552.03,-10.0329,20.37,30.0,40.98,-1.3599,0.835,-0.6997,61.2207,72.1053,68.8399,9.2069,6688932300.0,68.8399,1.5
2026-08-26,4590.79,-9.2668,19.58,33.4483,44.6003,-0.6956,0.7787,0.143,56.5021,70.9865,66.6412,3.6363,-4587329800.0,66.6412,1.5
2026-08-27,4630.28,-8.4863,18.9,35.1724,48.0937,-0.1066,0.7826,2.0082,51.3421,70.1264,64.4911,0.0,-2800673200.0,64.4911,1.5
2026-08-28,4609.18,-8.9034,18.22,34.4828,46.4098,-0.5044,0.8015,1.589,52.4344,73.0334,66.8537,0.0,-2249792900.0,66.8537,1.5
2026-08-31,4625.09,-8.5889,18.33,35.5172,47.8914,-0.3168,0.8121,2.136,50.865,73.3096,66.5762,1.7831,1742720200.0,66.5762,1.5
2026-09-01,4611.44,-8.8587,18.04,37.5862,46.6985,-0.5954,0.829,1.7205,51.2261,73.4087,66.7539,0.0,-5362321400.0,66.7539,1.5
2026-09-02,4547.96,-10.1133,18.56,35.1724,41.5192,-1.6079,0.8284,1.0377,57.1279,75.3386,69.8754,3.3314,-1308808800.0,69.8754,1.5
2026-09-03,4552.58,-10.022,18.24,35.8621,42.0231,-1.3648,0.7996,0.4572,56.5228,75.5386,69.8339,3.0044,2897822100.0,69.8339,1.5
2026-09-04,4548.05,-10.1115,18.34,36.7698,41.6442,-1.2979,0.7952,-0.5066,57.2157,75.5839,70.0735,11.1261,8635084500.0,70.0735,1.5
2026-09-07,4575.02,-9.5785,17.85,38.8316,44.8339,-0.7548,0.7811,-0.6021,54.0891,75.5593,69.1183,7.7102,3784996500.0,69.1183,1.5
2026-09-08,4558.74,-9.9003,17.51,39.1753,43.2955,-0.943,0.7766,-0.5794,54.4967,75.9366,69.5046,0.0,-1590334300.0,69.5046,1.5
2026-09-09,4572.6,-9.6263,17.53,39.5189,45.025,-0.6223,0.7833,-1.0568,53.6468,75.3152,68.8147,0.0,-2008690200.0,68.8147,1.5
2026-09-10,4548.39,-10.1048,17.53,36.4261,42.5819,-0.9631,0.7756,-1.2284,56.0982,75.8431,69.9196,1.0376,1001364600.0,69.9196,1.5
2026-09-11,4510.16,-10.8604,17.53,34.7079,38.9846,-1.4866,0.7718,-1.7103,59.5242,76.8326,71.6401,25.9324,2664970400.0,71.6401,1.5
2026-09-14,4480.08,-11.4549,17.97,33.4483,36.3804,-2.0043,0.7473,-2.5491,63.5138,77.6332,73.3973,1.3201,1252102300.0,73.3973,1.5
2026-09-15,4450.04,-12.0486,17.89,33.1034,33.9419,-2.5472,0.7195,-2.7174,66.7623,78.8896,75.2514,1.1654,316021400.0,75.2514,1.5
2026-09-16,4480.27,-11.4512,18.2,32.7586,38.4154,-1.6458,0.719,-1.2725,61.3267,78.3673,73.2551,9.3966,4594982200.0,73.2551,1.5
2026-09-17,4460.16,-11.8486,17.0,31.7241,36.6379,-1.7746,0.7341,-1.1235,61.0023,79.037,73.6266,0.2253,197118600.0,73.6266,1.5
2026-09-18,4507.39,-10.9152,16.05,33.7931,43.2763,-0.7973,0.7432,-0.9318,54.7301,78.0107,71.0265,0.0,-615912900.0,71.0265,1.5
2026-09-21,4539.57,-10.2791,15.94,34.8276,47.3257,-0.1532,0.7766,-0.2152,50.9097,76.8395,69.0606,0.0,-1150584800.0,69.0606,1.5
2026-09-22,4544.59,-10.1799,16.27,33.4483,47.9499,-0.0489,0.8197,-0.0767,50.7563,76.661,68.8896,0.1845,145317600.0,68.8896,1.5
2026-09-23,4517.28,-10.7197,15.94,32.069,44.8369,-0.5123,0.8145,0.01,52.6118,77.6512,70.1394,4.0749,3096838100.0,70.1394,1.5
2026-09-24,4439.14,-12.2641,16.51,32.069,37.3626,-1.829,0.8015,0.01,58.825,79.7244,73.4546,7.6403,,73.4546,1.5
